,r,p_value,p_value_fdr,,
transitivity,0.075330428,0.228797426,,,
assortativity,-0.017393081,0.781400766,,,
strengths_total_positive,0.188035161,0.002471712,,,
strengths_total_negative,0.033536275,0.592541185,,,
global_efficiency,0.095847519,0.125376204,,,
betweenness_1,0.130671913,0.03593055,,,
betweenness_2,-0.060340849,0.334348911,,,
betweenness_3,-0.056427475,0.366696925,,,
betweenness_4,0.007344681,0.906541682,,,
betweenness_5,-0.143179297,0.02142002,,,
betweenness_6,-0.026604309,0.670597031,,,
betweenness_7,-0.012606009,0.840301941,,,
betweenness_8,-0.081253061,0.193281702,,,
betweenness_9,0.04345846,0.487064647,,,
betweenness_10,-0.01459861,0.815480163,,,
betweenness_11,0.054080716,0.386994805,,,
betweenness_12,0.076330861,0.221751078,,,
betweenness_13,0.002311176,0.970530634,,,
betweenness_14,0.105699208,0.090210964,,,
betweenness_15,0.135835088,0.029156787,,,
betweenness_16,0.085649945,0.170193235,,,
betweenness_17,-0.068694493,0.271620575,,,
betweenness_18,-0.004251963,0.94581325,,,
betweenness_19,-0.049920053,0.424615675,,,
betweenness_20,0.042497276,0.496757883,,,
betweenness_21,0.072366845,0.246758518,,,
betweenness_22,-0.045244456,0.46932648,,,
betweenness_23,-0.010277443,0.869508425,,,
betweenness_24,0.073010805,0.242567691,,,
betweenness_25,0.056108794,0.36941391,,,
betweenness_26,0.059444677,0.341590285,,,
betweenness_27,0.04369215,0.4847234,,,
betweenness_28,-0.068427168,0.273494715,,,
betweenness_29,-0.072883783,0.243390373,,,
betweenness_30,0.135542684,0.029508884,,,
betweenness_31,0.055674588,0.373135794,,,
betweenness_32,0.120793933,0.052633201,,,
betweenness_33,0.021654618,0.72921022,,,
betweenness_34,0.004920331,0.937311872,,,
betweenness_35,-0.006017739,0.923369104,,,
betweenness_36,-0.105956348,0.089426439,,,
betweenness_37,-0.046379611,0.458239599,,,
betweenness_38,0.021092847,0.735970914,,,
betweenness_39,0.058145432,0.352264386,,,
betweenness_40,-0.034792051,0.578007208,,,
betweenness_41,-0.071921486,0.249686213,,,
betweenness_42,0.210337485,0.000673286,,,
betweenness_43,0.0536527,0.390768987,,,
betweenness_44,-0.047746713,0.445083362,,,
betweenness_45,0.10613067,0.0888977,,,
betweenness_46,0.014510845,0.816569763,,,
betweenness_47,-0.167498688,0.00700852,,,
betweenness_48,-0.054739304,0.381230829,,,
betweenness_49,-0.075701439,0.225596476,,,
betweenness_50,-0.145519175,0.019361561,,,
betweenness_51,0.127152689,0.041275903,,,
betweenness_52,0.024404249,0.696429349,,,
betweenness_53,-0.106473082,0.087866421,,,
betweenness_54,0.004988808,0.936441246,,,s
betweenness_55,-0.130691942,0.035901893,,,
betweenness_56,-0.11259967,0.070983579,,,
betweenness_57,-0.142886965,0.021690052,,,
betweenness_58,-0.068194205,0.275135097,,,
betweenness_59,0.016996496,0.785854143,,,
betweenness_60,0.151881618,0.014609505,,,
betweenness_61,-0.064065843,0.305312973,,,
betweenness_62,0.100257319,0.108141753,,,
betweenness_63,-0.134033007,0.031385151,,,
betweenness_64,-0.01706205,0.78504832,,,
betweenness_65,0.030805341,0.622350884,,,
betweenness_66,0.133070477,0.032633775,,,
betweenness_67,-0.096951792,0.120333312,,,
betweenness_68,-0.187083066,0.002552138,,,
betweenness_69,-0.011610976,0.852758026,,,
betweenness_70,-0.037025268,0.553831102,,,
betweenness_71,0.030927887,0.620966166,,,
betweenness_72,-0.054617729,0.382290896,,,
betweenness_73,-0.105632638,0.090414962,,,
betweenness_74,-0.011568936,0.85328513,,,
betweenness_75,-0.053455608,0.392514366,,,
betweenness_76,-0.106722945,0.087119951,,,
betweenness_77,-0.152640994,0.014117062,,,
betweenness_78,0.019567805,0.754425599,,,
betweenness_79,0.039971588,0.522708005,,,
betweenness_80,0.080720732,0.196225231,,,
betweenness_81,-0.082381562,0.187148516,,,
betweenness_82,0.003389343,0.956794381,,,
betweenness_83,0.04369569,0.484687985,,,
betweenness_84,0.085198939,0.172462345,,,
betweenness_85,0.023151373,0.711300509,,,
betweenness_86,-0.072330922,0.246993778,,,
betweenness_87,-0.090186168,0.148594043,,,
betweenness_88,-0.031522866,0.614262193,,,
betweenness_89,-0.052407828,0.401871764,,,
betweenness_90,-0.133658421,0.031866147,,,
betweenness_91,0.0035263,0.955050313,,,
betweenness_92,0.165647869,0.007670873,,,
betweenness_93,0.050011818,0.423763673,,,
betweenness_94,0.116746395,0.061133702,,,
betweenness_95,0.103326667,0.097712011,,,
betweenness_96,-0.003154212,0.959789087,,,
betweenness_97,-0.154117435,0.013201144,,,
betweenness_98,-0.085519641,0.170846527,,,
betweenness_99,-0.017800427,0.775987858,,,
betweenness_100,-0.046597259,0.456130674,,,
strength_1,0.050617897,0.418161494,,,
strength_2,0.13551037,0.029548018,,,
strength_3,0.060842168,0.330341319,,,
strength_4,0.118902219,0.056475256,,,
strength_5,0.166601041,0.007323102,,,
strength_6,0.206554797,0.000844698,,,
strength_7,0.124485319,0.045760285,,,
strength_8,0.132909581,0.032846566,,,
strength_9,0.179669968,0.003785395,,,
strength_10,0.101208891,0.104818565,,,
strength_11,0.06972342,0.264488777,,,
strength_12,0.042182454,0.499954836,,,
strength_13,0.136283898,0.028623346,,,
strength_14,0.125880745,0.043365882,,,
strength_15,0.113841791,0.067905979,,,
strength_16,0.052225047,0.403517647,,,
strength_17,0.109008462,0.080525601,,,
strength_18,0.090871421,0.145520755,,,
strength_19,0.111163441,0.074682853,,,
strength_20,0.079213992,0.204733509,,,
strength_21,-0.016544215,0.791419965,,,
strength_22,0.115554455,0.063842301,,,
strength_23,0.101565958,0.103592574,,,
strength_24,0.092920887,0.136617699,,,
strength_25,-0.106917769,0.086541449,,,
strength_26,-0.03307131,0.596965607,,,
strength_27,0.043023762,0.49143581,,,
strength_28,0.099768745,0.109879924,,,
strength_29,0.151833427,0.014641258,,,
strength_30,0.053239648,0.394432216,,,
strength_31,0.091310243,0.143578251,,,
strength_32,-0.09259247,0.138015559,,,
strength_33,0.002285298,0.970860458,,,
strength_34,0.068598415,0.272293143,,,
strength_35,0.118369064,0.057599079,,,
strength_36,0.118716348,0.056864969,,,
strength_37,0.139684069,0.024846877,,,
strength_38,-0.072911168,0.243212846,,,
strength_39,-0.035017359,0.575545859,,,
strength_40,0.067500661,0.280058085,,,
strength_41,0.027873227,0.655869651,,,
strength_42,-0.058130975,0.352384325,,,
strength_43,-0.057275692,0.359525826,,,
strength_44,0.071125134,0.254981204,,,
strength_45,-0.000278456,0.996448666,,,
strength_46,0.047453907,0.447883009,,,
strength_47,0.169631568,0.006308925,,,
strength_48,0.107683611,0.084297215,,,
strength_49,0.089647891,0.151042514,,,
strength_50,0.109153804,0.080120265,,,
strength_51,0.03904362,0.532413332,,,
strength_52,0.071118846,0.255023325,,,
strength_53,0.073008994,0.242579405,,,
strength_54,0.071530416,0.25227684,,,
strength_55,0.231262986,0.000178589,,,
strength_56,0.187958671,0.00243368,,,
strength_57,0.158862962,0.01060122,,,
strength_58,0.185410989,0.002793018,,,
strength_59,0.022891759,0.714395961,,,
strength_60,0.002035141,0.974048983,,,
strength_61,-0.029458715,0.637653862,,,
strength_62,0.061858166,0.322314549,,,
strength_63,0.172128241,0.005569872,,,
strength_64,0.096614538,0.121635036,,,
strength_65,0.085088475,0.173021527,,,
strength_66,0.06066049,0.331790084,,,
strength_67,0.110937042,0.075280021,,,
strength_68,0.206032124,0.000871318,,,
strength_69,0.212546673,0.000588675,,,
strength_70,0.196779131,0.001490597,,,
strength_71,0.070091667,0.261967814,,,
strength_72,0.137951142,0.026714266,,,
strength_73,0.0819161,0.18966067,,,
strength_74,0.080889621,0.195287842,,,
strength_75,0.11742923,0.059625116,,,
strength_76,-0.044696596,0.474729651,,,
strength_77,0.179885885,0.003742948,,,
strength_78,0.012940704,0.83612089,,,
strength_79,0.094879514,0.128505581,,,
strength_80,-0.090202707,0.148519289,,,
strength_81,0.067739637,0.278355083,,,
strength_82,0.078395743,0.209464246,,,
strength_83,0.097747928,0.117303417,,,
strength_84,0.092556833,0.138167899,,,
strength_85,0.060133624,0.336014551,,,
strength_86,0.229848694,0.000196114,,,
strength_87,0.155654252,0.012303655,,,
strength_88,0.125529967,0.043957653,,,
strength_89,0.191096807,0.002049072,,,
strength_90,0.113306541,0.069218522,,,
strength_91,-0.008968248,0.886009986,,,
strength_92,-0.119243913,0.055764594,,,
strength_93,-0.060701018,0.331466545,,,
strength_94,-0.049188232,0.431445866,,,
strength_95,-0.091112494,0.144451153,,,
strength_96,0.085449036,0.17120129,,,
strength_97,0.09147585,0.142850333,,,
strength_98,0.179294035,0.00386034,,,
strength_99,0.089635313,0.15110009,,,
strength_100,0.149971927,0.015914994,,,
strengths_nodal_positive_1,0.134530707,0.030755659,,,
strengths_nodal_positive_2,0.157306123,0.011399312,,,
strengths_nodal_positive_3,0.046810348,0.454071187,,,
strengths_nodal_positive_4,0.205480802,0.000900235,,,
strengths_nodal_positive_5,0.170433745,0.006062425,,,
strengths_nodal_positive_6,0.202578149,0.0010676,,,
strengths_nodal_positive_7,0.118654857,0.056994386,,,
strengths_nodal_positive_8,0.103412784,0.097431339,,,
strengths_nodal_positive_9,0.167258575,0.007091463,,,
strengths_nodal_positive_10,0.129198462,0.038092562,,,
strengths_nodal_positive_11,0.084192664,0.177606099,,,
strengths_nodal_positive_12,0.096089768,0.123682265,,,
strengths_nodal_positive_13,0.202455865,0.001075242,,,
strengths_nodal_positive_14,0.190391757,0.002130303,,,
strengths_nodal_positive_15,0.190306508,0.002140321,,,
strengths_nodal_positive_16,0.084867667,0.174143325,,,
strengths_nodal_positive_17,0.124160395,0.046333439,,,
strengths_nodal_positive_18,0.10399555,0.095548778,,,
strengths_nodal_positive_19,0.131401655,0.034898894,,,
strengths_nodal_positive_20,0.166240481,0.007452966,,,
strengths_nodal_positive_21,0.035101909,0.574623474,,,
strengths_nodal_positive_22,0.100331248,0.107880637,,,
strengths_nodal_positive_23,0.071216672,0.254368645,,,
strengths_nodal_positive_24,0.104327462,0.094489588,,,
strengths_nodal_positive_25,0.026892166,0.667244782,,,
strengths_nodal_positive_26,0.008474224,0.89225003,,,
strengths_nodal_positive_27,0.153107967,0.013821522,,,
strengths_nodal_positive_28,0.148807791,0.016759894,,,
strengths_nodal_positive_29,0.168574342,0.006647484,,,
strengths_nodal_positive_30,0.09372586,0.133237406,,,
strengths_nodal_positive_31,0.195526951,0.00160007,,,
strengths_nodal_positive_32,0.003838644,0.951073644,,,
strengths_nodal_positive_33,0.051063008,0.41407495,,,
strengths_nodal_positive_34,0.159688199,0.010198543,,,
strengths_nodal_positive_35,0.092390528,0.13888052,,,
strengths_nodal_positive_36,0.141219247,0.023287566,,,
strengths_nodal_positive_37,0.141667852,0.022848165,,,
strengths_nodal_positive_38,-0.062385731,0.318196917,,,
strengths_nodal_positive_39,-0.021489346,0.73119706,,,
strengths_nodal_positive_40,0.048872392,0.434413096,,,
strengths_nodal_positive_41,-0.010201561,0.870463398,,,
strengths_nodal_positive_42,0.063759495,0.307636189,,,
strengths_nodal_positive_43,0.020020551,0.748931772,,,
strengths_nodal_positive_44,0.131195521,0.035187732,,,
strengths_nodal_positive_45,0.121797884,0.05068404,,,
strengths_nodal_positive_46,0.028847299,0.644653489,,,
strengths_nodal_positive_47,0.070844233,0.256867325,,,
strengths_nodal_positive_48,0.152030477,0.014511802,,,
strengths_nodal_positive_49,0.082041179,0.188983192,,,
strengths_nodal_positive_50,0.046225485,0.459736297,,,
strengths_nodal_positive_51,0.143510484,0.021117616,,,
strengths_nodal_positive_52,0.027818723,0.656499556,,,
strengths_nodal_positive_53,0.029301494,0.639450732,,,
strengths_nodal_positive_54,0.139545016,0.024992456,,,
strengths_nodal_positive_55,0.18764912,0.002474974,,,
strengths_nodal_positive_56,0.077852805,0.212646386,,,
strengths_nodal_positive_57,0.074147975,0.23528914,,,
strengths_nodal_positive_58,0.121485538,0.051283909,,,
strengths_nodal_positive_59,0.084735601,0.17481685,,,
strengths_nodal_positive_60,0.089262175,0.152815741,,,
strengths_nodal_positive_61,0.023485706,0.707321129,,,
strengths_nodal_positive_62,0.137481575,0.027240556,,,
strengths_nodal_positive_63,0.152792127,0.014020812,,,
strengths_nodal_positive_64,0.158604421,0.010730236,,,
strengths_nodal_positive_65,0.143201632,0.021399508,,,
strengths_nodal_positive_66,0.129533168,0.037592025,,,
strengths_nodal_positive_67,0.100231325,0.108233683,,,
strengths_nodal_positive_68,0.138681347,0.025913202,,,
strengths_nodal_positive_69,0.202778693,0.001055175,,,
strengths_nodal_positive_70,0.182648088,0.003236608,,,
strengths_nodal_positive_71,0.105129639,0.091968305,,,
strengths_nodal_positive_72,0.106677395,0.087255652,,,
strengths_nodal_positive_73,0.061737281,0.323262904,,,
strengths_nodal_positive_74,0.077082771,0.217218832,,,
strengths_nodal_positive_75,0.093307302,0.13498692,,,
strengths_nodal_positive_76,-0.032250265,0.606109539,,,
strengths_nodal_positive_77,0.118820463,0.056646398,,,
strengths_nodal_positive_78,-0.007013813,0.910733923,,,
strengths_nodal_positive_79,0.225763737,0.000256174,,,
strengths_nodal_positive_80,0.038532127,0.537801377,,,
strengths_nodal_positive_81,0.082317189,0.187494479,,,
strengths_nodal_positive_82,0.046643344,0.455684819,,,
strengths_nodal_positive_83,0.18237627,0.003283527,,,
strengths_nodal_positive_84,0.142762111,0.021806276,,,
strengths_nodal_positive_85,0.12025502,0.053704935,,,
strengths_nodal_positive_86,0.137407506,0.027324379,,,
strengths_nodal_positive_87,0.141448441,0.023062172,,,
strengths_nodal_positive_88,0.138301221,0.0263276,,,
strengths_nodal_positive_89,0.218083655,0.000417925,,,
strengths_nodal_positive_90,0.084725818,0.174866817,,,
strengths_nodal_positive_91,-0.039665517,0.525899094,,,
strengths_nodal_positive_92,-0.008106676,0.89689688,,,
strengths_nodal_positive_93,0.003016202,0.9615471,,,
strengths_nodal_positive_94,0.104042367,0.095398807,,,
strengths_nodal_positive_95,0.068723493,0.271417792,,,
strengths_nodal_positive_96,0.089539583,0.15153885,,,
strengths_nodal_positive_97,0.065443509,0.29500868,,,
strengths_nodal_positive_98,0.174344012,0.004980055,,,
strengths_nodal_positive_99,0.125506209,0.043997977,,,
strengths_nodal_positive_100,0.070274044,0.260725422,,,
clustering_coefficient_positive_1,0.118976287,0.056320574,,,
clustering_coefficient_positive_2,0.139088725,0.025475331,,,
clustering_coefficient_positive_3,0.05663912,0.364899355,,,
clustering_coefficient_positive_4,0.185763863,0.002740528,,,
clustering_coefficient_positive_5,0.112827889,0.070409748,,,
clustering_coefficient_positive_6,0.144901019,0.019887941,,,
clustering_coefficient_positive_7,0.096377658,0.122555866,,,
clustering_coefficient_positive_8,0.058606133,0.348455667,,,
clustering_coefficient_positive_9,0.10189787,0.102463141,,,
clustering_coefficient_positive_10,0.11085948,0.075485495,,,
clustering_coefficient_positive_11,0.093154273,0.135630947,,,
clustering_coefficient_positive_12,0.126398526,0.042504609,,,
clustering_coefficient_positive_13,0.170368761,0.006082068,,,
clustering_coefficient_positive_14,0.172240741,0.005538479,,,
clustering_coefficient_positive_15,0.225908381,0.000253783,,,
clustering_coefficient_positive_16,0.109424224,0.079370493,,,
clustering_coefficient_positive_17,0.099981867,0.109119032,,,
clustering_coefficient_positive_18,0.119960841,0.054297568,,,
clustering_coefficient_positive_19,0.066365873,0.288240785,,,
clustering_coefficient_positive_20,0.187516355,0.00249288,,,
clustering_coefficient_positive_21,0.110584168,0.076218514,,,
clustering_coefficient_positive_22,0.075632842,0.226018409,,,
clustering_coefficient_positive_23,0.025127795,0.687893247,,,
clustering_coefficient_positive_24,0.082380777,0.187152733,,,
clustering_coefficient_positive_25,0.08722878,0.162424903,,,
clustering_coefficient_positive_26,0.0618393,0.322462439,,,
clustering_coefficient_positive_27,0.172349748,0.005508212,,,
clustering_coefficient_positive_28,0.126370576,0.042550731,,,
clustering_coefficient_positive_29,0.146719894,0.018373608,,,
clustering_coefficient_positive_30,0.101419917,0.10409263,,,
clustering_coefficient_positive_31,0.13112844,0.035282163,,,
clustering_coefficient_positive_32,0.044569422,0.475988724,,,
clustering_coefficient_positive_33,0.035711927,0.567989271,,,
clustering_coefficient_positive_34,0.170082967,0.006169134,,,
clustering_coefficient_positive_35,0.124796267,0.045217356,,,
clustering_coefficient_positive_36,0.127290844,0.041054089,,,
clustering_coefficient_positive_37,0.07807012,0.21136857,,,
clustering_coefficient_positive_38,-0.00994302,0.873718542,,,
clustering_coefficient_positive_39,0.047875959,0.443850749,,,
clustering_coefficient_positive_40,0.05199795,0.405568165,,,
clustering_coefficient_positive_41,-6.67E-05,0.999148925,,,
clustering_coefficient_positive_42,0.080697461,0.196354647,,,
clustering_coefficient_positive_43,0.083834898,0.179461981,,,
clustering_coefficient_positive_44,0.115730542,0.063436059,,,
clustering_coefficient_positive_45,0.110459089,0.076553436,,,
clustering_coefficient_positive_46,0.022626929,0.71755843,,,
clustering_coefficient_positive_47,0.023165674,0.711130139,,,
clustering_coefficient_positive_48,0.129746989,0.037275187,,,
clustering_coefficient_positive_49,0.071536705,0.252235033,,,
clustering_coefficient_positive_50,0.02894303,0.643555457,,,
clustering_coefficient_positive_51,0.157693236,0.011196062,,,
clustering_coefficient_positive_52,-0.000877993,0.988802711,,,
clustering_coefficient_positive_53,-0.042480126,0.496931752,,,
clustering_coefficient_positive_54,0.145077107,0.019736746,,,
clustering_coefficient_positive_55,0.0843981,0.176546858,,,
clustering_coefficient_positive_56,-0.000892667,0.988615582,,,
clustering_coefficient_positive_57,-0.025924382,0.678540977,,,
clustering_coefficient_positive_58,0.003574512,0.954436423,,,
clustering_coefficient_positive_59,0.087291669,0.162121076,,,
clustering_coefficient_positive_60,0.132187063,0.033816744,,,
clustering_coefficient_positive_61,0.069646556,0.265017065,,,
clustering_coefficient_positive_62,0.139205418,0.025351082,,,
clustering_coefficient_positive_63,0.097509651,0.118203932,,,
clustering_coefficient_positive_64,0.174454416,0.004952192,,,
clustering_coefficient_positive_65,0.177772832,0.004177473,,,
clustering_coefficient_positive_66,0.177584167,0.004218401,,,
clustering_coefficient_positive_67,0.0836085,0.180643788,,,
clustering_coefficient_positive_68,0.078133707,0.210995721,,,
clustering_coefficient_positive_69,0.180646137,0.00359689,,,
clustering_coefficient_positive_70,0.143047206,0.021541672,,,
clustering_coefficient_positive_71,0.139087327,0.025476822,,,
clustering_coefficient_positive_72,0.054542837,0.382944801,,,
clustering_coefficient_positive_73,0.011151177,0.858526465,,,
clustering_coefficient_positive_74,0.080129369,0.199533319,,,
clustering_coefficient_positive_75,0.06795276,0.276842246,,,
clustering_coefficient_positive_76,0.044698693,0.474708912,,,
clustering_coefficient_positive_77,0.055524597,0.37442682,,,
clustering_coefficient_positive_78,0.062338215,0.318566366,,,
clustering_coefficient_positive_79,0.168622557,0.006631698,,,
clustering_coefficient_positive_80,0.131781082,0.034372496,,,
clustering_coefficient_positive_81,0.117416653,0.059652624,,,
clustering_coefficient_positive_82,0.043548532,0.486161535,,,
clustering_coefficient_positive_83,0.129965003,0.036954467,,,
clustering_coefficient_positive_84,0.12884978,0.03861998,,,
clustering_coefficient_positive_85,0.126202175,0.04282951,,,
clustering_coefficient_positive_86,0.041550774,0.506402019,,,
clustering_coefficient_positive_87,0.069459987,0.266302367,,,
clustering_coefficient_positive_88,0.147707243,0.017594377,,,
clustering_coefficient_positive_89,0.151059898,0.015159274,,,
clustering_coefficient_positive_90,0.079960268,0.20048667,,,
clustering_coefficient_positive_91,-0.026169647,0.675671262,,,
clustering_coefficient_positive_92,0.138955261,0.025618078,,,
clustering_coefficient_positive_93,0.082793744,0.184944383,,,
clustering_coefficient_positive_94,0.115409811,0.064177596,,,
clustering_coefficient_positive_95,0.092883853,0.136774785,,,
clustering_coefficient_positive_96,0.03898702,0.533008211,,,
clustering_coefficient_positive_97,0.021077077,0.736160996,,,
clustering_coefficient_positive_98,0.068744456,0.271271273,,,
clustering_coefficient_positive_99,0.136383821,0.028505725,,,
clustering_coefficient_positive_100,0.031806552,0.61107694,,,
clustering_coefficient_negative_1,-0.130986591,0.035482554,,,
clustering_coefficient_negative_2,-0.12828588,0.039485988,,,
clustering_coefficient_negative_3,-0.175176935,0.004773283,,,
clustering_coefficient_negative_4,-0.036827849,0.555948323,,,
clustering_coefficient_negative_5,-0.104981502,0.092429818,,,
clustering_coefficient_negative_6,-0.182173629,0.003318906,,,
clustering_coefficient_negative_7,-0.063834961,0.307062808,,,
clustering_coefficient_negative_8,-0.104938878,0.092562954,,,
clustering_coefficient_negative_9,-0.190398744,0.002129484,,,
clustering_coefficient_negative_10,-0.212098767,0.00060499,,,
clustering_coefficient_negative_11,-0.190268775,0.002144769,,,
clustering_coefficient_negative_12,-0.173560002,0.005182004,,,
clustering_coefficient_negative_13,-0.174332133,0.004983061,,,
clustering_coefficient_negative_14,-0.0252941,0.685936774,,,
clustering_coefficient_negative_15,-0.071998586,0.249177655,,,
clustering_coefficient_negative_16,-0.141493161,0.023018413,,,
clustering_coefficient_negative_17,-0.130106152,0.036748069,,,
clustering_coefficient_negative_18,-0.033491265,0.592312832,,,
clustering_coefficient_negative_19,-0.109808543,0.078314694,,,
clustering_coefficient_negative_20,-0.016140331,0.796399164,,,
clustering_coefficient_negative_21,0.015985905,0.798305166,,,
clustering_coefficient_negative_22,-0.139342375,0.025205922,,,
clustering_coefficient_negative_23,-0.06005676,0.336633716,,,
clustering_coefficient_negative_24,-0.189277932,0.002264627,,,
clustering_coefficient_negative_25,-0.171156963,0.005847619,,,
clustering_coefficient_negative_26,-0.017248566,0.782756841,,,
clustering_coefficient_negative_27,-0.06853902,0.272709484,,,
clustering_coefficient_negative_28,-0.162075865,0.009108675,,,
clustering_coefficient_negative_29,-0.07482717,0.231015918,,,
clustering_coefficient_negative_30,-0.24146839,8.93E-05,,,
clustering_coefficient_negative_31,-0.141659467,0.022856312,,,
clustering_coefficient_negative_32,-0.043786809,0.483776776,,,
clustering_coefficient_negative_33,-0.001188942,0.984837509,,,
clustering_coefficient_negative_34,-0.092688899,0.137603992,,,
clustering_coefficient_negative_35,-0.141777557,0.022741806,,,
clustering_coefficient_negative_36,-0.147107007,0.018064584,,,
clustering_coefficient_negative_37,-0.088657747,0.155626044,,,
clustering_coefficient_negative_38,-0.101065645,0.105313607,,,
clustering_coefficient_negative_39,-0.133860595,0.031605766,,,
clustering_coefficient_negative_40,-0.061941319,0.32166326,,,
clustering_coefficient_negative_41,-0.099501818,0.110838782,,,
clustering_coefficient_negative_42,-0.055113725,0.377977372,,,
clustering_coefficient_negative_43,-0.11938087,0.055481835,,,
clustering_coefficient_negative_44,-0.120980334,0.05226667,,,
clustering_coefficient_negative_45,-0.098409655,0.114830642,,,
clustering_coefficient_negative_46,-0.061039917,0.328769028,,,
clustering_coefficient_negative_47,-0.075173756,0.228856595,,,
clustering_coefficient_negative_48,-0.153419614,0.01362732,,,
clustering_coefficient_negative_49,-0.061697451,0.323575764,,,
clustering_coefficient_negative_50,-0.025748993,0.680595958,,,
clustering_coefficient_negative_51,-0.063638609,0.308556127,,,
clustering_coefficient_negative_52,-0.124075146,0.046484805,,,
clustering_coefficient_negative_53,-0.117172785,0.06018804,,,
clustering_coefficient_negative_54,-0.058821351,0.346685357,,,
clustering_coefficient_negative_55,-0.209553181,0.000705934,,,
clustering_coefficient_negative_56,-0.134400039,0.030919876,,,
clustering_coefficient_negative_57,-0.126226631,0.042788929,,,
clustering_coefficient_negative_58,-0.159187886,0.010441024,,,
clustering_coefficient_negative_59,-0.204006416,0.000981965,,,
clustering_coefficient_negative_60,-0.20149437,0.001137106,,,
clustering_coefficient_negative_61,-0.128371129,0.039354025,,,
clustering_coefficient_negative_62,-0.143328108,0.021283682,,,
clustering_coefficient_negative_63,-0.042203417,0.499741625,,,
clustering_coefficient_negative_64,-0.069682892,0.264767239,,,
clustering_coefficient_negative_65,-0.043388516,0.487766571,,,
clustering_coefficient_negative_66,-0.095973774,0.124138369,,,
clustering_coefficient_negative_67,-0.095235882,0.127070462,,,
clustering_coefficient_negative_68,-0.08060243,0.196883796,,,
clustering_coefficient_negative_69,-0.21316298,0.000566891,,,
clustering_coefficient_negative_70,-0.073322039,0.240560145,,,
clustering_coefficient_negative_71,-0.02576786,0.68037479,,,
clustering_coefficient_negative_72,-0.00986965,0.874642689,,,
clustering_coefficient_negative_73,-0.033704387,0.589957951,,,
clustering_coefficient_negative_74,-0.074966224,0.230147854,,,
clustering_coefficient_negative_75,-0.114664233,0.065928905,,,
clustering_coefficient_negative_76,-0.038622267,0.536849872,,,
clustering_coefficient_negative_77,-0.028713137,0.646193633,,,
clustering_coefficient_negative_78,-0.118816271,0.056655186,,,
clustering_coefficient_negative_79,-0.136389411,0.028499157,,,
clustering_coefficient_negative_80,-0.005293464,0.932568789,,,
clustering_coefficient_negative_81,-0.156789738,0.011675499,,,
clustering_coefficient_negative_82,-0.118452915,0.057421116,,,
clustering_coefficient_negative_83,-0.120250128,0.053714745,,,
clustering_coefficient_negative_84,-0.128315927,0.039439434,,,
clustering_coefficient_negative_85,-0.0836644,0.180351451,,,
clustering_coefficient_negative_86,-0.06123557,0.327218159,,,
clustering_coefficient_negative_87,-0.038664891,0.536400229,,,
clustering_coefficient_negative_88,-0.078821987,0.206990172,,,
clustering_coefficient_negative_89,-0.145235027,0.019602,,,
clustering_coefficient_negative_90,-0.035516274,0.570113107,,,
clustering_coefficient_negative_91,-0.038138026,0.541971304,,,
clustering_coefficient_negative_92,-0.067911533,0.277134458,,,
clustering_coefficient_negative_93,-0.097071528,0.119873775,,,
clustering_coefficient_negative_94,-0.018922797,0.762273739,,,
clustering_coefficient_negative_95,-0.110547832,0.076315687,,,
clustering_coefficient_negative_96,-0.077553037,0.21441812,,,
clustering_coefficient_negative_97,-0.090932214,0.145250462,,,
clustering_coefficient_negative_98,-0.120887399,0.052449148,,,
clustering_coefficient_negative_99,-0.107283221,0.085464612,,,
clustering_coefficient_negative_100,-0.018414099,0.76848056,,,
local_assortativity_positive_1,0.024378723,0.696731203,,,
local_assortativity_positive_2,0.077237197,0.216296263,,,
local_assortativity_positive_3,-0.06456866,0.301524965,,,
local_assortativity_positive_4,0.173142842,0.00529243,,,
local_assortativity_positive_5,0.049209893,0.43124279,,,
local_assortativity_positive_6,0.089884771,0.149961274,,,
local_assortativity_positive_7,0.107559231,0.08465848,,,
local_assortativity_positive_8,-0.010571206,0.865813223,,,
local_assortativity_positive_9,0.048622934,0.436764943,,,
local_assortativity_positive_10,0.082506554,0.186478099,,,
local_assortativity_positive_11,0.073445021,0.239770094,,,
local_assortativity_positive_12,0.118888243,0.056504481,,,
local_assortativity_positive_13,0.119976214,0.054266465,,,
local_assortativity_positive_14,0.139510776,0.025028415,,,
local_assortativity_positive_15,0.168699421,0.0066066,,,
local_assortativity_positive_16,0.132899799,0.032859542,,,
local_assortativity_positive_17,0.078932391,0.206352798,,,
local_assortativity_positive_18,0.000209978,0.997322014,,,
local_assortativity_positive_19,-0.018027684,0.773205262,,,
local_assortativity_positive_20,0.064510663,0.301960297,,,
local_assortativity_positive_21,0.025712658,0.681021986,,,
local_assortativity_positive_22,0.069036538,0.269235376,,,
local_assortativity_positive_23,0.021062403,0.736337882,,,
local_assortativity_positive_24,0.055645482,0.373386101,,,
local_assortativity_positive_25,0.076251245,0.22223489,,,
local_assortativity_positive_26,0.125055508,0.044768848,,,
local_assortativity_positive_27,0.155019777,0.012667455,,,
local_assortativity_positive_28,0.054026453,0.387472062,,,
local_assortativity_positive_29,0.085157653,0.172671185,,,
local_assortativity_positive_30,0.107922587,0.08360658,,,
local_assortativity_positive_31,0.157712802,0.011185875,,,
local_assortativity_positive_32,0.059642395,0.339984137,,,
local_assortativity_positive_33,0.00613617,0.921865745,,,
local_assortativity_positive_34,0.107848518,0.083820148,,,
local_assortativity_positive_35,0.020967372,0.737483764,,,
local_assortativity_positive_36,-0.031786987,0.611296387,,,
local_assortativity_positive_37,-0.047216328,0.450161896,,,
local_assortativity_positive_38,-0.026854433,0.66768383,,,
local_assortativity_positive_39,0.014278831,0.819451935,,,
local_assortativity_positive_40,-0.029077891,0.642009906,,,
local_assortativity_positive_41,-0.050613704,0.418200097,,,
local_assortativity_positive_42,0.034485602,0.581362856,,,
local_assortativity_positive_43,0.057174371,0.360377785,,,
local_assortativity_positive_44,0.021185385,0.734855841,,,
local_assortativity_positive_45,0.107918394,0.083618657,,,
local_assortativity_positive_46,0.027395973,0.661393576,,,
local_assortativity_positive_47,-0.093294026,0.135042701,,,
local_assortativity_positive_48,0.120220781,0.053773634,,,
local_assortativity_positive_49,-0.042804351,0.493650054,,,
local_assortativity_positive_50,-0.02600474,0.677600244,,,
local_assortativity_positive_51,0.111747605,0.073159768,,,
local_assortativity_positive_52,-0.01832885,0.769522172,,,
local_assortativity_positive_53,-0.066828453,0.28488608,,,
local_assortativity_positive_54,0.091200538,0.144062013,,,
local_assortativity_positive_55,0.02691243,0.667009043,,,
local_assortativity_positive_56,-0.102556801,0.100249796,,,
local_assortativity_positive_57,-0.056239429,0.368298647,,,
local_assortativity_positive_58,-0.056821497,0.363354774,,,
local_assortativity_positive_59,0.105124748,0.091983514,,,
local_assortativity_positive_60,0.140173901,0.024339857,,,
local_assortativity_positive_61,0.16963576,0.006307614,,,
local_assortativity_positive_62,0.137614339,0.027090859,,,
local_assortativity_positive_63,0.062027266,0.320990978,,,
local_assortativity_positive_64,0.060490691,0.333147808,,,
local_assortativity_positive_65,0.159693789,0.010195862,,,
local_assortativity_positive_66,0.09730142,0.118995298,,,
local_assortativity_positive_67,0.000427292,0.994550487,,,
local_assortativity_positive_68,0.098522155,0.114414329,,,
local_assortativity_positive_69,0.148858102,0.016722586,,,
local_assortativity_positive_70,0.031657716,0.612747178,,,
local_assortativity_positive_71,0.037645399,0.547206162,,,
local_assortativity_positive_72,0.102112389,0.101738368,,,
local_assortativity_positive_73,0.049528528,0.428261983,,,
local_assortativity_positive_74,0.077260256,0.216158745,,,
local_assortativity_positive_75,0.172122651,0.005571436,,,
local_assortativity_positive_76,0.174462103,0.004950257,,,
local_assortativity_positive_77,0.131650414,0.034553012,,,
local_assortativity_positive_78,0.161363129,0.009422647,,,
local_assortativity_positive_79,0.149187219,0.016480313,,,
local_assortativity_positive_80,0.072236164,0.247615096,,,
local_assortativity_positive_81,0.095762748,0.124971494,,,
local_assortativity_positive_82,-0.033939171,0.587368697,,,
local_assortativity_positive_83,0.08002735,0.200108086,,,
local_assortativity_positive_84,0.05177225,0.407612184,,,
local_assortativity_positive_85,0.055312173,0.376259912,,,
local_assortativity_positive_86,-0.101952373,0.102278611,,,
local_assortativity_positive_87,-0.066111524,0.290096604,,,
local_assortativity_positive_88,-0.001751444,0.977665517,,,
local_assortativity_positive_89,0.048117031,0.441556833,,,
local_assortativity_positive_90,0.005354256,0.93179625,,,
local_assortativity_positive_91,-0.025752487,0.680554999,,,
local_assortativity_positive_92,0.051489252,0.410183725,,,
local_assortativity_positive_93,0.026205983,0.675246516,,,
local_assortativity_positive_94,0.023812028,0.703444755,,,
local_assortativity_positive_95,0.04543309,0.467473968,,,
local_assortativity_positive_96,-0.012963763,0.835833001,,,
local_assortativity_positive_97,0.052163556,0.404072254,,,
local_assortativity_positive_98,0.011890466,0.849255464,,,
local_assortativity_positive_99,0.041081906,0.511215438,,,
local_assortativity_positive_100,-0.082974025,0.183986365,,,
clustering_coefficient_1,0.145722063,0.019191453,,,
clustering_coefficient_2,0.072382904,0.2466534,,,
clustering_coefficient_3,0.041379578,0.508156776,,,
clustering_coefficient_4,0.129283012,0.037965593,,,
clustering_coefficient_5,0.028458788,0.649117629,,,
clustering_coefficient_6,0.122191287,0.049936825,,,
clustering_coefficient_7,0.034054466,0.586099106,,,
clustering_coefficient_8,0.027714608,0.657703511,,,
clustering_coefficient_9,0.080767337,0.195966228,,,
clustering_coefficient_10,0.130781155,0.035774485,,,
clustering_coefficient_11,0.069773032,0.264148175,,,
clustering_coefficient_12,0.100131402,0.108587638,,,
clustering_coefficient_13,0.170812474,0.005949071,,,
clustering_coefficient_14,0.123138108,0.048176041,,,
clustering_coefficient_15,0.159413586,0.010331012,,,
clustering_coefficient_16,0.115424485,0.064143515,,,
clustering_coefficient_17,0.06209854,0.320434168,,,
clustering_coefficient_18,0.067474807,0.280242749,,,
clustering_coefficient_19,0.047816564,0.444416953,,,
clustering_coefficient_20,0.14293191,0.021648345,,,
clustering_coefficient_21,0.070645086,0.25821032,,,
clustering_coefficient_22,0.054900603,0.379827163,,,
clustering_coefficient_23,-0.016679774,0.78975063,,,
clustering_coefficient_24,0.078889767,0.206598704,,,
clustering_coefficient_25,0.08442046,0.17643185,,,
clustering_coefficient_26,0.060800941,0.33066972,,,
clustering_coefficient_27,0.148055226,0.017326691,,,
clustering_coefficient_28,0.11257354,0.071049521,,,
clustering_coefficient_29,0.124987728,0.044885751,,,
clustering_coefficient_30,0.11526377,0.064517596,,,
clustering_coefficient_31,0.105359532,0.091255734,,,
clustering_coefficient_32,0.050482337,0.419410735,,,
clustering_coefficient_33,0.036796404,0.556285908,,,
clustering_coefficient_34,0.164426497,0.008137968,,,
clustering_coefficient_35,0.056126929,0.369258964,,,
clustering_coefficient_36,0.108184622,0.082854549,,,
clustering_coefficient_37,0.040692696,0.515229046,,,
clustering_coefficient_38,0.013074866,0.834446207,,,
clustering_coefficient_39,0.030186125,0.629368,,,
clustering_coefficient_40,0.008734862,0.888957048,,,
clustering_coefficient_41,-0.019831885,0.751219605,,,
clustering_coefficient_42,0.093201789,0.135430723,,,
clustering_coefficient_43,0.062705763,0.315715838,,,
clustering_coefficient_44,0.070971407,0.25601222,,,
clustering_coefficient_45,0.133414087,0.032183264,,,
clustering_coefficient_46,-0.021608834,0.729760438,,,
clustering_coefficient_47,-0.04808419,0.44186894,,,
clustering_coefficient_48,0.113915161,0.067727658,,,
clustering_coefficient_49,0.033524107,0.591949669,,,
clustering_coefficient_50,-0.028168104,0.652465929,,,
clustering_coefficient_51,0.118134979,0.058098307,,,
clustering_coefficient_52,-0.020926145,0.737981056,,,
clustering_coefficient_53,-0.04631842,0.458833486,,,
clustering_coefficient_54,0.112769193,0.07055697,,,
clustering_coefficient_55,0.05127613,0.41212663,,,
clustering_coefficient_56,-0.052874895,0.397684208,,,
clustering_coefficient_57,-0.022725454,0.716381326,,,
clustering_coefficient_58,0.039141446,0.531385935,,,
clustering_coefficient_59,0.115222543,0.064613844,,,
clustering_coefficient_60,0.152449035,0.014240149,,,
clustering_coefficient_61,0.036726528,0.557036453,,,
clustering_coefficient_62,0.157662491,0.011212087,,,
clustering_coefficient_63,0.046958486,0.452642533,,,
clustering_coefficient_64,0.125744486,0.043594954,,,
clustering_coefficient_65,0.118238396,0.057877313,,,
clustering_coefficient_66,0.149785358,0.016047843,,,
clustering_coefficient_67,0.02354021,0.706673155,,,
clustering_coefficient_68,0.010300785,0.869214703,,,
clustering_coefficient_69,0.112913837,0.070194626,,,
clustering_coefficient_70,0.06870253,0.271564365,,,
clustering_coefficient_71,0.090140517,0.148800516,,,
clustering_coefficient_72,-0.001613789,0.979420507,,,
clustering_coefficient_73,-0.02886407,0.644461077,,,
clustering_coefficient_74,0.044122215,0.48043065,,,
clustering_coefficient_75,0.037656579,0.547087082,,,
clustering_coefficient_76,-0.011483089,0.854361675,,,
clustering_coefficient_77,0.030603286,0.624636922,,,
clustering_coefficient_78,-0.03355066,0.591656123,,,
clustering_coefficient_79,0.134634124,0.030626218,,,
clustering_coefficient_80,0.078201487,0.21059881,,,
clustering_coefficient_81,0.110196355,0.077260845,,,
clustering_coefficient_82,-0.012248931,0.844767536,,,
clustering_coefficient_83,0.117580163,0.059295839,,,
clustering_coefficient_84,0.106882132,0.086647037,,,
clustering_coefficient_85,0.114127585,0.067213533,,,
clustering_coefficient_86,4.51E-05,0.99942519,,,
clustering_coefficient_87,0.027590228,0.659142951,,,
clustering_coefficient_88,0.11026693,0.077070305,,,
clustering_coefficient_89,0.167179615,0.00711893,,,
clustering_coefficient_90,0.016430317,0.792823287,,,
clustering_coefficient_91,-0.077192476,0.216563144,,,
clustering_coefficient_92,0.075497981,0.22684955,,,
clustering_coefficient_93,0.064843273,0.299469338,,,
clustering_coefficient_94,0.086894773,0.164045729,,,
clustering_coefficient_95,0.098166486,0.115734547,,,
clustering_coefficient_96,0.018757889,0.764284197,,,
clustering_coefficient_97,0.013532555,0.828738756,,,
clustering_coefficient_98,0.036848113,0.55573082,,,
clustering_coefficient_99,0.087014261,0.163464508,,,
clustering_coefficient_100,-0.028075867,0.653529832,,,
strengths_nodal_negative_1,-0.074357603,0.233964352,,,
strengths_nodal_negative_2,0.053005563,0.39651738,,,
strengths_nodal_negative_3,0.010956922,0.860965787,,,
strengths_nodal_negative_4,-0.047451112,0.447909781,,,
strengths_nodal_negative_5,0.056151385,0.369050068,,,
strengths_nodal_negative_6,0.062450716,0.317692092,,,
strengths_nodal_negative_7,0.017156329,0.7838898,,,
strengths_nodal_negative_8,0.043818952,0.483455562,,,
strengths_nodal_negative_9,0.057683069,0.356113076,,,
strengths_nodal_negative_10,-0.033315177,0.594261732,,,
strengths_nodal_negative_11,-0.00374501,0.952265644,,,
strengths_nodal_negative_12,-0.069010684,0.269415165,,,
strengths_nodal_negative_13,-0.063110346,0.312597402,,,
strengths_nodal_negative_14,-0.060991703,0.329151933,,,
strengths_nodal_negative_15,-0.091458381,0.142926985,,,
strengths_nodal_negative_16,-0.074906829,0.230518353,,,
strengths_nodal_negative_17,0.031388693,0.61577123,,,
strengths_nodal_negative_18,-0.020242058,0.74624849,,,
strengths_nodal_negative_19,0.029029676,0.642562284,,,
strengths_nodal_negative_20,-0.065488928,0.294672955,,,
strengths_nodal_negative_21,-0.115697002,0.063513274,,,
strengths_nodal_negative_22,0.019134522,0.759694852,,,
strengths_nodal_negative_23,0.034490493,0.581309224,,,
strengths_nodal_negative_24,-0.051334826,0.411590995,,,
strengths_nodal_negative_25,-0.103692987,0.096522528,,,
strengths_nodal_negative_26,-0.08476425,0.174670577,,,
strengths_nodal_negative_27,-0.093665068,0.13349042,,,
strengths_nodal_negative_28,-0.00561699,0.928458204,,,
strengths_nodal_negative_29,-0.002104319,0.973167197,,,
strengths_nodal_negative_30,-0.071582124,0.251933236,,,
strengths_nodal_negative_31,-0.011288134,0.85680746,,,
strengths_nodal_negative_32,-0.139375916,0.025170481,,,
strengths_nodal_negative_33,-0.03943842,0.528273186,,,
strengths_nodal_negative_34,-0.060854047,0.330246734,,,
strengths_nodal_negative_35,0.028634876,0.647092748,,,
strengths_nodal_negative_36,0.043704356,0.484601286,,,
strengths_nodal_negative_37,0.050274805,0.421327455,,,
strengths_nodal_negative_38,-0.053845474,0.389066393,,,
strengths_nodal_negative_39,-0.065619597,0.29370852,,,
strengths_nodal_negative_40,0.025714754,0.680997405,,,
strengths_nodal_negative_41,0.038156892,0.541771315,,,
strengths_nodal_negative_42,-0.162882235,0.00876468,,,
strengths_nodal_negative_43,-0.085679627,0.170044681,,,
strengths_nodal_negative_44,-0.000674654,0.99139584,,,
strengths_nodal_negative_45,-0.101768599,0.102901862,,,
strengths_nodal_negative_46,0.038076535,0.542623374,,,
strengths_nodal_negative_47,0.097892572,0.116759387,,,
strengths_nodal_negative_48,0.026652491,0.67003547,,,
strengths_nodal_negative_49,0.028900405,0.644044266,,,
strengths_nodal_negative_50,0.080950413,0.194951225,,,
strengths_nodal_negative_51,-0.112368104,0.071569713,,,
strengths_nodal_negative_52,0.073578484,0.238914769,,,
strengths_nodal_negative_53,0.089017608,0.153948199,,,
strengths_nodal_negative_54,-0.030451655,0.626354829,,,
strengths_nodal_negative_55,0.149361909,0.016352967,,,
strengths_nodal_negative_56,0.151771237,0.014682324,,,
strengths_nodal_negative_57,0.131347851,0.034974091,,,
strengths_nodal_negative_58,0.090795256,0.145859937,,,
strengths_nodal_negative_59,-0.064209497,0.304227558,,,
strengths_nodal_negative_60,-0.076230282,0.222362402,,,
strengths_nodal_negative_61,-0.025409395,0.684581622,,,
strengths_nodal_negative_62,-0.068817826,0.27075888,,,
strengths_nodal_negative_63,0.057996813,0.353498619,,,
strengths_nodal_negative_64,-0.034104078,0.585553187,,,
strengths_nodal_negative_65,-0.062424861,0.317892874,,,
strengths_nodal_negative_66,-0.108398443,0.082244937,,,
strengths_nodal_negative_67,0.079877116,0.200956677,,,
strengths_nodal_negative_68,0.164349633,0.008168193,,,
strengths_nodal_negative_69,0.071999284,0.249173049,,,
strengths_nodal_negative_70,0.070957432,0.256106091,,,
strengths_nodal_negative_71,-0.061666007,0.323822897,,,
strengths_nodal_negative_72,0.048178522,0.4409728,,,
strengths_nodal_negative_73,0.033329851,0.594099212,,,
strengths_nodal_negative_74,-0.001235759,0.984240531,,,
strengths_nodal_negative_75,0.003046249,0.961164341,,,
strengths_nodal_negative_76,-0.025543557,0.683005987,,,
strengths_nodal_negative_77,0.124541918,0.045661055,,,
strengths_nodal_negative_78,-0.005869942,0.925245628,,,
strengths_nodal_negative_79,-0.060552182,0.332655711,,,
strengths_nodal_negative_80,-0.126206367,0.042822551,,,
strengths_nodal_negative_81,0.025331833,0.685493159,,,
strengths_nodal_negative_82,0.065485435,0.294698771,,,
strengths_nodal_negative_83,0.00753998,0.904068349,,,
strengths_nodal_negative_84,-0.022763187,0.715930697,,,
strengths_nodal_negative_85,-0.027838987,0.656265332,,,
strengths_nodal_negative_86,0.152412001,0.014264004,,,
strengths_nodal_negative_87,0.07309005,0.242055427,,,
strengths_nodal_negative_88,0.02910095,0.641745795,,,
strengths_nodal_negative_89,0.044703584,0.474660523,,,
strengths_nodal_negative_90,0.080398392,0.198023416,,,
strengths_nodal_negative_91,0.044510726,0.476570448,,,
strengths_nodal_negative_92,-0.158269714,0.010899319,,,
strengths_nodal_negative_93,-0.114706858,0.065827739,,,
strengths_nodal_negative_94,-0.13011314,0.036737877,,,
strengths_nodal_negative_95,-0.144332227,0.020383214,,,
strengths_nodal_negative_96,0.03429484,0.583456279,,,
strengths_nodal_negative_97,0.063028591,0.31322592,,,
strengths_nodal_negative_98,0.095235882,0.127070462,,,
strengths_nodal_negative_99,-0.041409625,0.507848569,,,
strengths_nodal_negative_100,0.082858729,0.184598629,,,
