,r,p_value,p_value<0.05,measure_type,
transitivity,0.075330428,0.228797426,FALSE,global,
assortativity,-0.017393081,0.781400766,FALSE,global,
strengths_total_positive,0.188035161,0.002471712,TRUE,global,
strengths_total_negative,0.033536275,0.592541185,FALSE,global,
global_efficiency,0.095847519,0.125376204,FALSE,global,
density,,,FALSE,global,FC의 가능한 모든 edge 연결되어 있음
betweenness_1,0.130671913,0.03593055,TRUE,local,
betweenness_2,-0.060340849,0.334348911,FALSE,local,
betweenness_3,-0.056427475,0.366696925,FALSE,local,
betweenness_4,0.007344681,0.906541682,FALSE,local,
betweenness_5,-0.143179297,0.02142002,TRUE,local,
betweenness_6,-0.026604309,0.670597031,FALSE,local,
betweenness_7,-0.012606009,0.840301941,FALSE,local,
betweenness_8,-0.081253061,0.193281702,FALSE,local,
betweenness_9,0.04345846,0.487064647,FALSE,local,
betweenness_10,-0.01459861,0.815480163,FALSE,local,
betweenness_11,0.054080716,0.386994805,FALSE,local,
betweenness_12,0.076330861,0.221751078,FALSE,local,
betweenness_13,0.002311176,0.970530634,FALSE,local,
betweenness_14,0.105699208,0.090210964,FALSE,local,
betweenness_15,0.135835088,0.029156787,TRUE,local,
betweenness_16,0.085649945,0.170193235,FALSE,local,
betweenness_17,-0.068694493,0.271620575,FALSE,local,
betweenness_18,-0.004251963,0.94581325,FALSE,local,
betweenness_19,-0.049920053,0.424615675,FALSE,local,
betweenness_20,0.042497276,0.496757883,FALSE,local,
betweenness_21,0.072366845,0.246758518,FALSE,local,
betweenness_22,-0.045244456,0.46932648,FALSE,local,
betweenness_23,-0.010277443,0.869508425,FALSE,local,
betweenness_24,0.073010805,0.242567691,FALSE,local,
betweenness_25,0.056108794,0.36941391,FALSE,local,
betweenness_26,0.059444677,0.341590285,FALSE,local,
betweenness_27,0.04369215,0.4847234,FALSE,local,
betweenness_28,-0.068427168,0.273494715,FALSE,local,
betweenness_29,-0.072883783,0.243390373,FALSE,local,
betweenness_30,0.135542684,0.029508884,TRUE,local,
betweenness_31,0.055674588,0.373135794,FALSE,local,
betweenness_32,0.120793933,0.052633201,FALSE,local,
betweenness_33,0.021654618,0.72921022,FALSE,local,
betweenness_34,0.004920331,0.937311872,FALSE,local,
betweenness_35,-0.006017739,0.923369104,FALSE,local,
betweenness_36,-0.105956348,0.089426439,FALSE,local,
betweenness_37,-0.046379611,0.458239599,FALSE,local,
betweenness_38,0.021092847,0.735970914,FALSE,local,
betweenness_39,0.058145432,0.352264386,FALSE,local,
betweenness_40,-0.034792051,0.578007208,FALSE,local,
betweenness_41,-0.071921486,0.249686213,FALSE,local,
betweenness_42,0.210337485,0.000673286,TRUE,local,
betweenness_43,0.0536527,0.390768987,FALSE,local,
betweenness_44,-0.047746713,0.445083362,FALSE,local,
betweenness_45,0.10613067,0.0888977,FALSE,local,
betweenness_46,0.014510845,0.816569763,FALSE,local,
betweenness_47,-0.167498688,0.00700852,TRUE,local,
betweenness_48,-0.054739304,0.381230829,FALSE,local,
betweenness_49,-0.075701439,0.225596476,FALSE,local,
betweenness_50,-0.145519175,0.019361561,TRUE,local,
betweenness_51,0.127152689,0.041275903,TRUE,local,
betweenness_52,0.024404249,0.696429349,FALSE,local,
betweenness_53,-0.106473082,0.087866421,FALSE,local,
betweenness_54,0.004988808,0.936441246,FALSE,local,
betweenness_55,-0.130691942,0.035901893,TRUE,local,
betweenness_56,-0.11259967,0.070983579,FALSE,local,
betweenness_57,-0.142886965,0.021690052,TRUE,local,
betweenness_58,-0.068194205,0.275135097,FALSE,local,
betweenness_59,0.016996496,0.785854143,FALSE,local,
betweenness_60,0.151881618,0.014609505,TRUE,local,
betweenness_61,-0.064065843,0.305312973,FALSE,local,
betweenness_62,0.100257319,0.108141753,FALSE,local,
betweenness_63,-0.134033007,0.031385151,TRUE,local,
betweenness_64,-0.01706205,0.78504832,FALSE,local,
betweenness_65,0.030805341,0.622350884,FALSE,local,
betweenness_66,0.133070477,0.032633775,TRUE,local,
betweenness_67,-0.096951792,0.120333312,FALSE,local,
betweenness_68,-0.187083066,0.002552138,TRUE,local,
betweenness_69,-0.011610976,0.852758026,FALSE,local,
betweenness_70,-0.037025268,0.553831102,FALSE,local,
betweenness_71,0.030927887,0.620966166,FALSE,local,
betweenness_72,-0.054617729,0.382290896,FALSE,local,
betweenness_73,-0.105632638,0.090414962,FALSE,local,
betweenness_74,-0.011568936,0.85328513,FALSE,local,
betweenness_75,-0.053455608,0.392514366,FALSE,local,
betweenness_76,-0.106722945,0.087119951,FALSE,local,
betweenness_77,-0.152640994,0.014117062,TRUE,local,
betweenness_78,0.019567805,0.754425599,FALSE,local,
betweenness_79,0.039971588,0.522708005,FALSE,local,
betweenness_80,0.080720732,0.196225231,FALSE,local,
betweenness_81,-0.082381562,0.187148516,FALSE,local,
betweenness_82,0.003389343,0.956794381,FALSE,local,
betweenness_83,0.04369569,0.484687985,FALSE,local,
betweenness_84,0.085198939,0.172462345,FALSE,local,
betweenness_85,0.023151373,0.711300509,FALSE,local,
betweenness_86,-0.072330922,0.246993778,FALSE,local,
betweenness_87,-0.090186168,0.148594043,FALSE,local,
betweenness_88,-0.031522866,0.614262193,FALSE,local,
betweenness_89,-0.052407828,0.401871764,FALSE,local,
betweenness_90,-0.133658421,0.031866147,TRUE,local,
betweenness_91,0.0035263,0.955050313,FALSE,local,
betweenness_92,0.165647869,0.007670873,TRUE,local,
betweenness_93,0.050011818,0.423763673,FALSE,local,
betweenness_94,0.116746395,0.061133702,FALSE,local,
betweenness_95,0.103326667,0.097712011,FALSE,local,
betweenness_96,-0.003154212,0.959789087,FALSE,local,
betweenness_97,-0.154117435,0.013201144,TRUE,local,
betweenness_98,-0.085519641,0.170846527,FALSE,local,
betweenness_99,-0.017800427,0.775987858,FALSE,local,
node_degree_1,,,FALSE,local,FC의 가능한 모든 edge 연결되어 있음
node_degree_2,,,FALSE,local,
node_degree_3,,,FALSE,local,
node_degree_4,,,FALSE,local,
node_degree_5,,,FALSE,local,
node_degree_6,,,FALSE,local,
node_degree_7,,,FALSE,local,
node_degree_8,,,FALSE,local,
node_degree_9,,,FALSE,local,
node_degree_10,,,FALSE,local,
node_degree_11,,,FALSE,local,
node_degree_12,,,FALSE,local,
node_degree_13,,,FALSE,local,
node_degree_14,,,FALSE,local,
node_degree_15,,,FALSE,local,
node_degree_16,,,FALSE,local,
node_degree_17,,,FALSE,local,
node_degree_18,,,FALSE,local,
node_degree_19,,,FALSE,local,
node_degree_20,,,FALSE,local,
node_degree_21,,,FALSE,local,
node_degree_22,,,FALSE,local,
node_degree_23,,,FALSE,local,
node_degree_24,,,FALSE,local,
node_degree_25,,,FALSE,local,
node_degree_26,,,FALSE,local,
node_degree_27,,,FALSE,local,
node_degree_28,,,FALSE,local,
node_degree_29,,,FALSE,local,
node_degree_30,,,FALSE,local,
node_degree_31,,,FALSE,local,
node_degree_32,,,FALSE,local,
node_degree_33,,,FALSE,local,
node_degree_34,,,FALSE,local,
node_degree_35,,,FALSE,local,
node_degree_36,,,FALSE,local,
node_degree_37,,,FALSE,local,
node_degree_38,,,FALSE,local,
node_degree_39,,,FALSE,local,
node_degree_40,,,FALSE,local,
node_degree_41,,,FALSE,local,
node_degree_42,,,FALSE,local,
node_degree_43,,,FALSE,local,
node_degree_44,,,FALSE,local,
node_degree_45,,,FALSE,local,
node_degree_46,,,FALSE,local,
node_degree_47,,,FALSE,local,
node_degree_48,,,FALSE,local,
node_degree_49,,,FALSE,local,
node_degree_50,,,FALSE,local,
node_degree_51,,,FALSE,local,
node_degree_52,,,FALSE,local,
node_degree_53,,,FALSE,local,
node_degree_54,,,FALSE,local,
node_degree_55,,,FALSE,local,
node_degree_56,,,FALSE,local,
node_degree_57,,,FALSE,local,
node_degree_58,,,FALSE,local,
node_degree_59,,,FALSE,local,
node_degree_60,,,FALSE,local,
node_degree_61,,,FALSE,local,
node_degree_62,,,FALSE,local,
node_degree_63,,,FALSE,local,
node_degree_64,,,FALSE,local,
node_degree_65,,,FALSE,local,
node_degree_66,,,FALSE,local,
node_degree_67,,,FALSE,local,
node_degree_68,,,FALSE,local,
node_degree_69,,,FALSE,local,
node_degree_70,,,FALSE,local,
node_degree_71,,,FALSE,local,
node_degree_72,,,FALSE,local,
node_degree_73,,,FALSE,local,
node_degree_74,,,FALSE,local,
node_degree_75,,,FALSE,local,
node_degree_76,,,FALSE,local,
node_degree_77,,,FALSE,local,
node_degree_78,,,FALSE,local,
node_degree_79,,,FALSE,local,
node_degree_80,,,FALSE,local,
node_degree_81,,,FALSE,local,
node_degree_82,,,FALSE,local,
node_degree_83,,,FALSE,local,
node_degree_84,,,FALSE,local,
node_degree_85,,,FALSE,local,
node_degree_86,,,FALSE,local,
node_degree_87,,,FALSE,local,
node_degree_88,,,FALSE,local,
node_degree_89,,,FALSE,local,
node_degree_90,,,FALSE,local,
node_degree_91,,,FALSE,local,
node_degree_92,,,FALSE,local,
node_degree_93,,,FALSE,local,
node_degree_94,,,FALSE,local,
node_degree_95,,,FALSE,local,
node_degree_96,,,FALSE,local,
node_degree_97,,,FALSE,local,
node_degree_98,,,FALSE,local,
node_degree_99,,,FALSE,local,
strength_1,0.050617897,0.418161494,FALSE,local,
strength_2,0.13551037,0.029548018,TRUE,local,
strength_3,0.060842168,0.330341319,FALSE,local,
strength_4,0.118902219,0.056475256,FALSE,local,
strength_5,0.166601041,0.007323102,TRUE,local,
strength_6,0.206554797,0.000844698,TRUE,local,
strength_7,0.124485319,0.045760285,TRUE,local,
strength_8,0.132909581,0.032846566,TRUE,local,
strength_9,0.179669968,0.003785395,TRUE,local,
strength_10,0.101208891,0.104818565,FALSE,local,
strength_11,0.06972342,0.264488777,FALSE,local,
strength_12,0.042182454,0.499954836,FALSE,local,
strength_13,0.136283898,0.028623346,TRUE,local,
strength_14,0.125880745,0.043365882,TRUE,local,
strength_15,0.113841791,0.067905979,FALSE,local,
strength_16,0.052225047,0.403517647,FALSE,local,
strength_17,0.109008462,0.080525601,FALSE,local,
strength_18,0.090871421,0.145520755,FALSE,local,
strength_19,0.111163441,0.074682853,FALSE,local,
strength_20,0.079213992,0.204733509,FALSE,local,
strength_21,-0.016544215,0.791419965,FALSE,local,
strength_22,0.115554455,0.063842301,FALSE,local,
strength_23,0.101565958,0.103592574,FALSE,local,
strength_24,0.092920887,0.136617699,FALSE,local,
strength_25,-0.106917769,0.086541449,FALSE,local,
strength_26,-0.03307131,0.596965607,FALSE,local,
strength_27,0.043023762,0.49143581,FALSE,local,
strength_28,0.099768745,0.109879924,FALSE,local,
strength_29,0.151833427,0.014641258,TRUE,local,
strength_30,0.053239648,0.394432216,FALSE,local,
strength_31,0.091310243,0.143578251,FALSE,local,
strength_32,-0.09259247,0.138015559,FALSE,local,
strength_33,0.002285298,0.970860458,FALSE,local,
strength_34,0.068598415,0.272293143,FALSE,local,
strength_35,0.118369064,0.057599079,FALSE,local,
strength_36,0.118716348,0.056864969,FALSE,local,
strength_37,0.139684069,0.024846877,TRUE,local,
strength_38,-0.072911168,0.243212846,FALSE,local,
strength_39,-0.035017359,0.575545859,FALSE,local,
strength_40,0.067500661,0.280058085,FALSE,local,
strength_41,0.027873227,0.655869651,FALSE,local,
strength_42,-0.058130975,0.352384325,FALSE,local,
strength_43,-0.057275692,0.359525826,FALSE,local,
strength_44,0.071125134,0.254981204,FALSE,local,
strength_45,-0.000278456,0.996448666,FALSE,local,
strength_46,0.047453907,0.447883009,FALSE,local,
strength_47,0.169631568,0.006308925,TRUE,local,
strength_48,0.107683611,0.084297215,FALSE,local,
strength_49,0.089647891,0.151042514,FALSE,local,
strength_50,0.109153804,0.080120265,FALSE,local,
strength_51,0.03904362,0.532413332,FALSE,local,
strength_52,0.071118846,0.255023325,FALSE,local,
strength_53,0.073008994,0.242579405,FALSE,local,
strength_54,0.071530416,0.25227684,FALSE,local,
strength_55,0.231262986,0.000178589,TRUE,local,
strength_56,0.187958671,0.00243368,TRUE,local,
strength_57,0.158862962,0.01060122,TRUE,local,
strength_58,0.185410989,0.002793018,TRUE,local,
strength_59,0.022891759,0.714395961,FALSE,local,
strength_60,0.002035141,0.974048983,FALSE,local,
strength_61,-0.029458715,0.637653862,FALSE,local,
strength_62,0.061858166,0.322314549,FALSE,local,
strength_63,0.172128241,0.005569872,TRUE,local,
strength_64,0.096614538,0.121635036,FALSE,local,
strength_65,0.085088475,0.173021527,FALSE,local,
strength_66,0.06066049,0.331790084,FALSE,local,
strength_67,0.110937042,0.075280021,FALSE,local,
strength_68,0.206032124,0.000871318,TRUE,local,
strength_69,0.212546673,0.000588675,TRUE,local,
strength_70,0.196779131,0.001490597,TRUE,local,
strength_71,0.070091667,0.261967814,FALSE,local,
strength_72,0.137951142,0.026714266,TRUE,local,
strength_73,0.0819161,0.18966067,FALSE,local,
strength_74,0.080889621,0.195287842,FALSE,local,
strength_75,0.11742923,0.059625116,FALSE,local,
strength_76,-0.044696596,0.474729651,FALSE,local,
strength_77,0.179885885,0.003742948,TRUE,local,
strength_78,0.012940704,0.83612089,FALSE,local,
strength_79,0.094879514,0.128505581,FALSE,local,
strength_80,-0.090202707,0.148519289,FALSE,local,
strength_81,0.067739637,0.278355083,FALSE,local,
strength_82,0.078395743,0.209464246,FALSE,local,
strength_83,0.097747928,0.117303417,FALSE,local,
strength_84,0.092556833,0.138167899,FALSE,local,
strength_85,0.060133624,0.336014551,FALSE,local,
strength_86,0.229848694,0.000196114,TRUE,local,
strength_87,0.155654252,0.012303655,TRUE,local,
strength_88,0.125529967,0.043957653,TRUE,local,
strength_89,0.191096807,0.002049072,TRUE,local,
strength_90,0.113306541,0.069218522,FALSE,local,
strength_91,-0.008968248,0.886009986,FALSE,local,
strength_92,-0.119243913,0.055764594,FALSE,local,
strength_93,-0.060701018,0.331466545,FALSE,local,
strength_94,-0.049188232,0.431445866,FALSE,local,
strength_95,-0.091112494,0.144451153,FALSE,local,
strength_96,0.085449036,0.17120129,FALSE,local,
strength_97,0.09147585,0.142850333,FALSE,local,
strength_98,0.179294035,0.00386034,TRUE,local,
strength_99,0.089635313,0.15110009,FALSE,local,
strengths_nodal_positive_1,0.134530707,0.030755659,TRUE,local,
strengths_nodal_positive_2,0.157306123,0.011399312,TRUE,local,
strengths_nodal_positive_3,0.046810348,0.454071187,FALSE,local,
strengths_nodal_positive_4,0.205480802,0.000900235,TRUE,local,
strengths_nodal_positive_5,0.170433745,0.006062425,TRUE,local,
strengths_nodal_positive_6,0.202578149,0.0010676,TRUE,local,
strengths_nodal_positive_7,0.118654857,0.056994386,FALSE,local,
strengths_nodal_positive_8,0.103412784,0.097431339,FALSE,local,
strengths_nodal_positive_9,0.167258575,0.007091463,TRUE,local,
strengths_nodal_positive_10,0.129198462,0.038092562,TRUE,local,
strengths_nodal_positive_11,0.084192664,0.177606099,FALSE,local,
strengths_nodal_positive_12,0.096089768,0.123682265,FALSE,local,
strengths_nodal_positive_13,0.202455865,0.001075242,TRUE,local,
strengths_nodal_positive_14,0.190391757,0.002130303,TRUE,local,
strengths_nodal_positive_15,0.190306508,0.002140321,TRUE,local,
strengths_nodal_positive_16,0.084867667,0.174143325,FALSE,local,
strengths_nodal_positive_17,0.124160395,0.046333439,TRUE,local,
strengths_nodal_positive_18,0.10399555,0.095548778,FALSE,local,
strengths_nodal_positive_19,0.131401655,0.034898894,TRUE,local,
strengths_nodal_positive_20,0.166240481,0.007452966,TRUE,local,
strengths_nodal_positive_21,0.035101909,0.574623474,FALSE,local,
strengths_nodal_positive_22,0.100331248,0.107880637,FALSE,local,
strengths_nodal_positive_23,0.071216672,0.254368645,FALSE,local,
strengths_nodal_positive_24,0.104327462,0.094489588,FALSE,local,
strengths_nodal_positive_25,0.026892166,0.667244782,FALSE,local,
strengths_nodal_positive_26,0.008474224,0.89225003,FALSE,local,
strengths_nodal_positive_27,0.153107967,0.013821522,TRUE,local,
strengths_nodal_positive_28,0.148807791,0.016759894,TRUE,local,
strengths_nodal_positive_29,0.168574342,0.006647484,TRUE,local,
strengths_nodal_positive_30,0.09372586,0.133237406,FALSE,local,
strengths_nodal_positive_31,0.195526951,0.00160007,TRUE,local,
strengths_nodal_positive_32,0.003838644,0.951073644,FALSE,local,
strengths_nodal_positive_33,0.051063008,0.41407495,FALSE,local,
strengths_nodal_positive_34,0.159688199,0.010198543,TRUE,local,
strengths_nodal_positive_35,0.092390528,0.13888052,FALSE,local,
strengths_nodal_positive_36,0.141219247,0.023287566,TRUE,local,
strengths_nodal_positive_37,0.141667852,0.022848165,TRUE,local,
strengths_nodal_positive_38,-0.062385731,0.318196917,FALSE,local,
strengths_nodal_positive_39,-0.021489346,0.73119706,FALSE,local,
strengths_nodal_positive_40,0.048872392,0.434413096,FALSE,local,
strengths_nodal_positive_41,-0.010201561,0.870463398,FALSE,local,
strengths_nodal_positive_42,0.063759495,0.307636189,FALSE,local,
strengths_nodal_positive_43,0.020020551,0.748931772,FALSE,local,
strengths_nodal_positive_44,0.131195521,0.035187732,TRUE,local,
strengths_nodal_positive_45,0.121797884,0.05068404,FALSE,local,
strengths_nodal_positive_46,0.028847299,0.644653489,FALSE,local,
strengths_nodal_positive_47,0.070844233,0.256867325,FALSE,local,
strengths_nodal_positive_48,0.152030477,0.014511802,TRUE,local,
strengths_nodal_positive_49,0.082041179,0.188983192,FALSE,local,
strengths_nodal_positive_50,0.046225485,0.459736297,FALSE,local,
strengths_nodal_positive_51,0.143510484,0.021117616,TRUE,local,
strengths_nodal_positive_52,0.027818723,0.656499556,FALSE,local,
strengths_nodal_positive_53,0.029301494,0.639450732,FALSE,local,
strengths_nodal_positive_54,0.139545016,0.024992456,TRUE,local,
strengths_nodal_positive_55,0.18764912,0.002474974,TRUE,local,
strengths_nodal_positive_56,0.077852805,0.212646386,FALSE,local,
strengths_nodal_positive_57,0.074147975,0.23528914,FALSE,local,
strengths_nodal_positive_58,0.121485538,0.051283909,FALSE,local,
strengths_nodal_positive_59,0.084735601,0.17481685,FALSE,local,
strengths_nodal_positive_60,0.089262175,0.152815741,FALSE,local,
strengths_nodal_positive_61,0.023485706,0.707321129,FALSE,local,
strengths_nodal_positive_62,0.137481575,0.027240556,TRUE,local,
strengths_nodal_positive_63,0.152792127,0.014020812,TRUE,local,
strengths_nodal_positive_64,0.158604421,0.010730236,TRUE,local,
strengths_nodal_positive_65,0.143201632,0.021399508,TRUE,local,
strengths_nodal_positive_66,0.129533168,0.037592025,TRUE,local,
strengths_nodal_positive_67,0.100231325,0.108233683,FALSE,local,
strengths_nodal_positive_68,0.138681347,0.025913202,TRUE,local,
strengths_nodal_positive_69,0.202778693,0.001055175,TRUE,local,
strengths_nodal_positive_70,0.182648088,0.003236608,TRUE,local,
strengths_nodal_positive_71,0.105129639,0.091968305,FALSE,local,
strengths_nodal_positive_72,0.106677395,0.087255652,FALSE,local,
strengths_nodal_positive_73,0.061737281,0.323262904,FALSE,local,
strengths_nodal_positive_74,0.077082771,0.217218832,FALSE,local,
strengths_nodal_positive_75,0.093307302,0.13498692,FALSE,local,
strengths_nodal_positive_76,-0.032250265,0.606109539,FALSE,local,
strengths_nodal_positive_77,0.118820463,0.056646398,FALSE,local,
strengths_nodal_positive_78,-0.007013813,0.910733923,FALSE,local,
strengths_nodal_positive_79,0.225763737,0.000256174,TRUE,local,
strengths_nodal_positive_80,0.038532127,0.537801377,FALSE,local,
strengths_nodal_positive_81,0.082317189,0.187494479,FALSE,local,
strengths_nodal_positive_82,0.046643344,0.455684819,FALSE,local,
strengths_nodal_positive_83,0.18237627,0.003283527,TRUE,local,
strengths_nodal_positive_84,0.142762111,0.021806276,TRUE,local,
strengths_nodal_positive_85,0.12025502,0.053704935,FALSE,local,
strengths_nodal_positive_86,0.137407506,0.027324379,TRUE,local,
strengths_nodal_positive_87,0.141448441,0.023062172,TRUE,local,
strengths_nodal_positive_88,0.138301221,0.0263276,TRUE,local,
strengths_nodal_positive_89,0.218083655,0.000417925,TRUE,local,
strengths_nodal_positive_90,0.084725818,0.174866817,FALSE,local,
strengths_nodal_positive_91,-0.039665517,0.525899094,FALSE,local,
strengths_nodal_positive_92,-0.008106676,0.89689688,FALSE,local,
strengths_nodal_positive_93,0.003016202,0.9615471,FALSE,local,
strengths_nodal_positive_94,0.104042367,0.095398807,FALSE,local,
strengths_nodal_positive_95,0.068723493,0.271417792,FALSE,local,
strengths_nodal_positive_96,0.089539583,0.15153885,FALSE,local,
strengths_nodal_positive_97,0.065443509,0.29500868,FALSE,local,
strengths_nodal_positive_98,0.174344012,0.004980055,TRUE,local,
strengths_nodal_positive_99,0.125506209,0.043997977,TRUE,local,
clustering_coefficient_positive_1,0.118976287,0.056320574,FALSE,local,
clustering_coefficient_positive_2,0.139088725,0.025475331,TRUE,local,
clustering_coefficient_positive_3,0.05663912,0.364899355,FALSE,local,
clustering_coefficient_positive_4,0.185763863,0.002740528,TRUE,local,
clustering_coefficient_positive_5,0.112827889,0.070409748,FALSE,local,
clustering_coefficient_positive_6,0.144901019,0.019887941,TRUE,local,
clustering_coefficient_positive_7,0.096377658,0.122555866,FALSE,local,
clustering_coefficient_positive_8,0.058606133,0.348455667,FALSE,local,
clustering_coefficient_positive_9,0.10189787,0.102463141,FALSE,local,
clustering_coefficient_positive_10,0.11085948,0.075485495,FALSE,local,
clustering_coefficient_positive_11,0.093154273,0.135630947,FALSE,local,
clustering_coefficient_positive_12,0.126398526,0.042504609,TRUE,local,
clustering_coefficient_positive_13,0.170368761,0.006082068,TRUE,local,
clustering_coefficient_positive_14,0.172240741,0.005538479,TRUE,local,
clustering_coefficient_positive_15,0.225908381,0.000253783,TRUE,local,
clustering_coefficient_positive_16,0.109424224,0.079370493,FALSE,local,
clustering_coefficient_positive_17,0.099981867,0.109119032,FALSE,local,
clustering_coefficient_positive_18,0.119960841,0.054297568,FALSE,local,
clustering_coefficient_positive_19,0.066365873,0.288240785,FALSE,local,
clustering_coefficient_positive_20,0.187516355,0.00249288,TRUE,local,
clustering_coefficient_positive_21,0.110584168,0.076218514,FALSE,local,
clustering_coefficient_positive_22,0.075632842,0.226018409,FALSE,local,
clustering_coefficient_positive_23,0.025127795,0.687893247,FALSE,local,
clustering_coefficient_positive_24,0.082380777,0.187152733,FALSE,local,
clustering_coefficient_positive_25,0.08722878,0.162424903,FALSE,local,
clustering_coefficient_positive_26,0.0618393,0.322462439,FALSE,local,
clustering_coefficient_positive_27,0.172349748,0.005508212,TRUE,local,
clustering_coefficient_positive_28,0.126370576,0.042550731,TRUE,local,
clustering_coefficient_positive_29,0.146719894,0.018373608,TRUE,local,
clustering_coefficient_positive_30,0.101419917,0.10409263,FALSE,local,
clustering_coefficient_positive_31,0.13112844,0.035282163,TRUE,local,
clustering_coefficient_positive_32,0.044569422,0.475988724,FALSE,local,
clustering_coefficient_positive_33,0.035711927,0.567989271,FALSE,local,
clustering_coefficient_positive_34,0.170082967,0.006169134,TRUE,local,
clustering_coefficient_positive_35,0.124796267,0.045217356,TRUE,local,
clustering_coefficient_positive_36,0.127290844,0.041054089,TRUE,local,
clustering_coefficient_positive_37,0.07807012,0.21136857,FALSE,local,
clustering_coefficient_positive_38,-0.00994302,0.873718542,FALSE,local,
clustering_coefficient_positive_39,0.047875959,0.443850749,FALSE,local,
clustering_coefficient_positive_40,0.05199795,0.405568165,FALSE,local,
clustering_coefficient_positive_41,-6.67E-05,0.999148925,FALSE,local,
clustering_coefficient_positive_42,0.080697461,0.196354647,FALSE,local,
clustering_coefficient_positive_43,0.083834898,0.179461981,FALSE,local,
clustering_coefficient_positive_44,0.115730542,0.063436059,FALSE,local,
clustering_coefficient_positive_45,0.110459089,0.076553436,FALSE,local,
clustering_coefficient_positive_46,0.022626929,0.71755843,FALSE,local,
clustering_coefficient_positive_47,0.023165674,0.711130139,FALSE,local,
clustering_coefficient_positive_48,0.129746989,0.037275187,TRUE,local,
clustering_coefficient_positive_49,0.071536705,0.252235033,FALSE,local,
clustering_coefficient_positive_50,0.02894303,0.643555457,FALSE,local,
clustering_coefficient_positive_51,0.157693236,0.011196062,TRUE,local,
clustering_coefficient_positive_52,-0.000877993,0.988802711,FALSE,local,
clustering_coefficient_positive_53,-0.042480126,0.496931752,FALSE,local,
clustering_coefficient_positive_54,0.145077107,0.019736746,TRUE,local,
clustering_coefficient_positive_55,0.0843981,0.176546858,FALSE,local,
clustering_coefficient_positive_56,-0.000892667,0.988615582,FALSE,local,
clustering_coefficient_positive_57,-0.025924382,0.678540977,FALSE,local,
clustering_coefficient_positive_58,0.003574512,0.954436423,FALSE,local,
clustering_coefficient_positive_59,0.087291669,0.162121076,FALSE,local,
clustering_coefficient_positive_60,0.132187063,0.033816744,TRUE,local,
clustering_coefficient_positive_61,0.069646556,0.265017065,FALSE,local,
clustering_coefficient_positive_62,0.139205418,0.025351082,TRUE,local,
clustering_coefficient_positive_63,0.097509651,0.118203932,FALSE,local,
clustering_coefficient_positive_64,0.174454416,0.004952192,TRUE,local,
clustering_coefficient_positive_65,0.177772832,0.004177473,TRUE,local,
clustering_coefficient_positive_66,0.177584167,0.004218401,TRUE,local,
clustering_coefficient_positive_67,0.0836085,0.180643788,FALSE,local,
clustering_coefficient_positive_68,0.078133707,0.210995721,FALSE,local,
clustering_coefficient_positive_69,0.180646137,0.00359689,TRUE,local,
clustering_coefficient_positive_70,0.143047206,0.021541672,TRUE,local,
clustering_coefficient_positive_71,0.139087327,0.025476822,TRUE,local,
clustering_coefficient_positive_72,0.054542837,0.382944801,FALSE,local,
clustering_coefficient_positive_73,0.011151177,0.858526465,FALSE,local,
clustering_coefficient_positive_74,0.080129369,0.199533319,FALSE,local,
clustering_coefficient_positive_75,0.06795276,0.276842246,FALSE,local,
clustering_coefficient_positive_76,0.044698693,0.474708912,FALSE,local,
clustering_coefficient_positive_77,0.055524597,0.37442682,FALSE,local,
clustering_coefficient_positive_78,0.062338215,0.318566366,FALSE,local,
clustering_coefficient_positive_79,0.168622557,0.006631698,TRUE,local,
clustering_coefficient_positive_80,0.131781082,0.034372496,TRUE,local,
clustering_coefficient_positive_81,0.117416653,0.059652624,FALSE,local,
clustering_coefficient_positive_82,0.043548532,0.486161535,FALSE,local,
clustering_coefficient_positive_83,0.129965003,0.036954467,TRUE,local,
clustering_coefficient_positive_84,0.12884978,0.03861998,TRUE,local,
clustering_coefficient_positive_85,0.126202175,0.04282951,TRUE,local,
clustering_coefficient_positive_86,0.041550774,0.506402019,FALSE,local,
clustering_coefficient_positive_87,0.069459987,0.266302367,FALSE,local,
clustering_coefficient_positive_88,0.147707243,0.017594377,TRUE,local,
clustering_coefficient_positive_89,0.151059898,0.015159274,TRUE,local,
clustering_coefficient_positive_90,0.079960268,0.20048667,FALSE,local,
clustering_coefficient_positive_91,-0.026169647,0.675671262,FALSE,local,
clustering_coefficient_positive_92,0.138955261,0.025618078,TRUE,local,
clustering_coefficient_positive_93,0.082793744,0.184944383,FALSE,local,
clustering_coefficient_positive_94,0.115409811,0.064177596,FALSE,local,
clustering_coefficient_positive_95,0.092883853,0.136774785,FALSE,local,
clustering_coefficient_positive_96,0.03898702,0.533008211,FALSE,local,
clustering_coefficient_positive_97,0.021077077,0.736160996,FALSE,local,
clustering_coefficient_positive_98,0.068744456,0.271271273,FALSE,local,
clustering_coefficient_positive_99,0.136383821,0.028505725,TRUE,local,
clustering_coefficient_negative_1,-0.130986591,0.035482554,TRUE,local,
clustering_coefficient_negative_2,-0.12828588,0.039485988,TRUE,local,
clustering_coefficient_negative_3,-0.175176935,0.004773283,TRUE,local,
clustering_coefficient_negative_4,-0.036827849,0.555948323,FALSE,local,
clustering_coefficient_negative_5,-0.104981502,0.092429818,FALSE,local,
clustering_coefficient_negative_6,-0.182173629,0.003318906,TRUE,local,
clustering_coefficient_negative_7,-0.063834961,0.307062808,FALSE,local,
clustering_coefficient_negative_8,-0.104938878,0.092562954,FALSE,local,
clustering_coefficient_negative_9,-0.190398744,0.002129484,TRUE,local,
clustering_coefficient_negative_10,-0.212098767,0.00060499,TRUE,local,
clustering_coefficient_negative_11,-0.190268775,0.002144769,TRUE,local,
clustering_coefficient_negative_12,-0.173560002,0.005182004,TRUE,local,
clustering_coefficient_negative_13,-0.174332133,0.004983061,TRUE,local,
clustering_coefficient_negative_14,-0.0252941,0.685936774,FALSE,local,
clustering_coefficient_negative_15,-0.071998586,0.249177655,FALSE,local,
clustering_coefficient_negative_16,-0.141493161,0.023018413,TRUE,local,
clustering_coefficient_negative_17,-0.130106152,0.036748069,TRUE,local,
clustering_coefficient_negative_18,-0.033491265,0.592312832,FALSE,local,
clustering_coefficient_negative_19,-0.109808543,0.078314694,FALSE,local,
clustering_coefficient_negative_20,-0.016140331,0.796399164,FALSE,local,
clustering_coefficient_negative_21,0.015985905,0.798305166,FALSE,local,
clustering_coefficient_negative_22,-0.139342375,0.025205922,TRUE,local,
clustering_coefficient_negative_23,-0.06005676,0.336633716,FALSE,local,
clustering_coefficient_negative_24,-0.189277932,0.002264627,TRUE,local,
clustering_coefficient_negative_25,-0.171156963,0.005847619,TRUE,local,
clustering_coefficient_negative_26,-0.017248566,0.782756841,FALSE,local,
clustering_coefficient_negative_27,-0.06853902,0.272709484,FALSE,local,
clustering_coefficient_negative_28,-0.162075865,0.009108675,TRUE,local,
clustering_coefficient_negative_29,-0.07482717,0.231015918,FALSE,local,
clustering_coefficient_negative_30,-0.24146839,8.93E-05,TRUE,local,
clustering_coefficient_negative_31,-0.141659467,0.022856312,TRUE,local,
clustering_coefficient_negative_32,-0.043786809,0.483776776,FALSE,local,
clustering_coefficient_negative_33,-0.001188942,0.984837509,FALSE,local,
clustering_coefficient_negative_34,-0.092688899,0.137603992,FALSE,local,
clustering_coefficient_negative_35,-0.141777557,0.022741806,TRUE,local,
clustering_coefficient_negative_36,-0.147107007,0.018064584,TRUE,local,
clustering_coefficient_negative_37,-0.088657747,0.155626044,FALSE,local,
clustering_coefficient_negative_38,-0.101065645,0.105313607,FALSE,local,
clustering_coefficient_negative_39,-0.133860595,0.031605766,TRUE,local,
clustering_coefficient_negative_40,-0.061941319,0.32166326,FALSE,local,
clustering_coefficient_negative_41,-0.099501818,0.110838782,FALSE,local,
clustering_coefficient_negative_42,-0.055113725,0.377977372,FALSE,local,
clustering_coefficient_negative_43,-0.11938087,0.055481835,FALSE,local,
clustering_coefficient_negative_44,-0.120980334,0.05226667,FALSE,local,
clustering_coefficient_negative_45,-0.098409655,0.114830642,FALSE,local,
clustering_coefficient_negative_46,-0.061039917,0.328769028,FALSE,local,
clustering_coefficient_negative_47,-0.075173756,0.228856595,FALSE,local,
clustering_coefficient_negative_48,-0.153419614,0.01362732,TRUE,local,
clustering_coefficient_negative_49,-0.061697451,0.323575764,FALSE,local,
clustering_coefficient_negative_50,-0.025748993,0.680595958,FALSE,local,
clustering_coefficient_negative_51,-0.063638609,0.308556127,FALSE,local,
clustering_coefficient_negative_52,-0.124075146,0.046484805,TRUE,local,
clustering_coefficient_negative_53,-0.117172785,0.06018804,FALSE,local,
clustering_coefficient_negative_54,-0.058821351,0.346685357,FALSE,local,
clustering_coefficient_negative_55,-0.209553181,0.000705934,TRUE,local,
clustering_coefficient_negative_56,-0.134400039,0.030919876,TRUE,local,
clustering_coefficient_negative_57,-0.126226631,0.042788929,TRUE,local,
clustering_coefficient_negative_58,-0.159187886,0.010441024,TRUE,local,
clustering_coefficient_negative_59,-0.204006416,0.000981965,TRUE,local,
clustering_coefficient_negative_60,-0.20149437,0.001137106,TRUE,local,
clustering_coefficient_negative_61,-0.128371129,0.039354025,TRUE,local,
clustering_coefficient_negative_62,-0.143328108,0.021283682,TRUE,local,
clustering_coefficient_negative_63,-0.042203417,0.499741625,FALSE,local,
clustering_coefficient_negative_64,-0.069682892,0.264767239,FALSE,local,
clustering_coefficient_negative_65,-0.043388516,0.487766571,FALSE,local,
clustering_coefficient_negative_66,-0.095973774,0.124138369,FALSE,local,
clustering_coefficient_negative_67,-0.095235882,0.127070462,FALSE,local,
clustering_coefficient_negative_68,-0.08060243,0.196883796,FALSE,local,
clustering_coefficient_negative_69,-0.21316298,0.000566891,TRUE,local,
clustering_coefficient_negative_70,-0.073322039,0.240560145,FALSE,local,
clustering_coefficient_negative_71,-0.02576786,0.68037479,FALSE,local,
clustering_coefficient_negative_72,-0.00986965,0.874642689,FALSE,local,
clustering_coefficient_negative_73,-0.033704387,0.589957951,FALSE,local,
clustering_coefficient_negative_74,-0.074966224,0.230147854,FALSE,local,
clustering_coefficient_negative_75,-0.114664233,0.065928905,FALSE,local,
clustering_coefficient_negative_76,-0.038622267,0.536849872,FALSE,local,
clustering_coefficient_negative_77,-0.028713137,0.646193633,FALSE,local,
clustering_coefficient_negative_78,-0.118816271,0.056655186,FALSE,local,
clustering_coefficient_negative_79,-0.136389411,0.028499157,TRUE,local,
clustering_coefficient_negative_80,-0.005293464,0.932568789,FALSE,local,
clustering_coefficient_negative_81,-0.156789738,0.011675499,TRUE,local,
clustering_coefficient_negative_82,-0.118452915,0.057421116,FALSE,local,
clustering_coefficient_negative_83,-0.120250128,0.053714745,FALSE,local,
clustering_coefficient_negative_84,-0.128315927,0.039439434,TRUE,local,
clustering_coefficient_negative_85,-0.0836644,0.180351451,FALSE,local,
clustering_coefficient_negative_86,-0.06123557,0.327218159,FALSE,local,
clustering_coefficient_negative_87,-0.038664891,0.536400229,FALSE,local,
clustering_coefficient_negative_88,-0.078821987,0.206990172,FALSE,local,
clustering_coefficient_negative_89,-0.145235027,0.019602,TRUE,local,
clustering_coefficient_negative_90,-0.035516274,0.570113107,FALSE,local,
clustering_coefficient_negative_91,-0.038138026,0.541971304,FALSE,local,
clustering_coefficient_negative_92,-0.067911533,0.277134458,FALSE,local,
clustering_coefficient_negative_93,-0.097071528,0.119873775,FALSE,local,
clustering_coefficient_negative_94,-0.018922797,0.762273739,FALSE,local,
clustering_coefficient_negative_95,-0.110547832,0.076315687,FALSE,local,
clustering_coefficient_negative_96,-0.077553037,0.21441812,FALSE,local,
clustering_coefficient_negative_97,-0.090932214,0.145250462,FALSE,local,
clustering_coefficient_negative_98,-0.120887399,0.052449148,FALSE,local,
clustering_coefficient_negative_99,-0.107283221,0.085464612,FALSE,local,
local_assortativity_positive_1,0.024378723,0.696731203,FALSE,local,
local_assortativity_positive_2,0.077237197,0.216296263,FALSE,local,
local_assortativity_positive_3,-0.06456866,0.301524965,FALSE,local,
local_assortativity_positive_4,0.173142842,0.00529243,TRUE,local,
local_assortativity_positive_5,0.049209893,0.43124279,FALSE,local,
local_assortativity_positive_6,0.089884771,0.149961274,FALSE,local,
local_assortativity_positive_7,0.107559231,0.08465848,FALSE,local,
local_assortativity_positive_8,-0.010571206,0.865813223,FALSE,local,
local_assortativity_positive_9,0.048622934,0.436764943,FALSE,local,
local_assortativity_positive_10,0.082506554,0.186478099,FALSE,local,
local_assortativity_positive_11,0.073445021,0.239770094,FALSE,local,
local_assortativity_positive_12,0.118888243,0.056504481,FALSE,local,
local_assortativity_positive_13,0.119976214,0.054266465,FALSE,local,
local_assortativity_positive_14,0.139510776,0.025028415,TRUE,local,
local_assortativity_positive_15,0.168699421,0.0066066,TRUE,local,
local_assortativity_positive_16,0.132899799,0.032859542,TRUE,local,
local_assortativity_positive_17,0.078932391,0.206352798,FALSE,local,
local_assortativity_positive_18,0.000209978,0.997322014,FALSE,local,
local_assortativity_positive_19,-0.018027684,0.773205262,FALSE,local,
local_assortativity_positive_20,0.064510663,0.301960297,FALSE,local,
local_assortativity_positive_21,0.025712658,0.681021986,FALSE,local,
local_assortativity_positive_22,0.069036538,0.269235376,FALSE,local,
local_assortativity_positive_23,0.021062403,0.736337882,FALSE,local,
local_assortativity_positive_24,0.055645482,0.373386101,FALSE,local,
local_assortativity_positive_25,0.076251245,0.22223489,FALSE,local,
local_assortativity_positive_26,0.125055508,0.044768848,TRUE,local,
local_assortativity_positive_27,0.155019777,0.012667455,TRUE,local,
local_assortativity_positive_28,0.054026453,0.387472062,FALSE,local,
local_assortativity_positive_29,0.085157653,0.172671185,FALSE,local,
local_assortativity_positive_30,0.107922587,0.08360658,FALSE,local,
local_assortativity_positive_31,0.157712802,0.011185875,TRUE,local,
local_assortativity_positive_32,0.059642395,0.339984137,FALSE,local,
local_assortativity_positive_33,0.00613617,0.921865745,FALSE,local,
local_assortativity_positive_34,0.107848518,0.083820148,FALSE,local,
local_assortativity_positive_35,0.020967372,0.737483764,FALSE,local,
local_assortativity_positive_36,-0.031786987,0.611296387,FALSE,local,
local_assortativity_positive_37,-0.047216328,0.450161896,FALSE,local,
local_assortativity_positive_38,-0.026854433,0.66768383,FALSE,local,
local_assortativity_positive_39,0.014278831,0.819451935,FALSE,local,
local_assortativity_positive_40,-0.029077891,0.642009906,FALSE,local,
local_assortativity_positive_41,-0.050613704,0.418200097,FALSE,local,
local_assortativity_positive_42,0.034485602,0.581362856,FALSE,local,
local_assortativity_positive_43,0.057174371,0.360377785,FALSE,local,
local_assortativity_positive_44,0.021185385,0.734855841,FALSE,local,
local_assortativity_positive_45,0.107918394,0.083618657,FALSE,local,
local_assortativity_positive_46,0.027395973,0.661393576,FALSE,local,
local_assortativity_positive_47,-0.093294026,0.135042701,FALSE,local,
local_assortativity_positive_48,0.120220781,0.053773634,FALSE,local,
local_assortativity_positive_49,-0.042804351,0.493650054,FALSE,local,
local_assortativity_positive_50,-0.02600474,0.677600244,FALSE,local,
local_assortativity_positive_51,0.111747605,0.073159768,FALSE,local,
local_assortativity_positive_52,-0.01832885,0.769522172,FALSE,local,
local_assortativity_positive_53,-0.066828453,0.28488608,FALSE,local,
local_assortativity_positive_54,0.091200538,0.144062013,FALSE,local,
local_assortativity_positive_55,0.02691243,0.667009043,FALSE,local,
local_assortativity_positive_56,-0.102556801,0.100249796,FALSE,local,
local_assortativity_positive_57,-0.056239429,0.368298647,FALSE,local,
local_assortativity_positive_58,-0.056821497,0.363354774,FALSE,local,
local_assortativity_positive_59,0.105124748,0.091983514,FALSE,local,
local_assortativity_positive_60,0.140173901,0.024339857,TRUE,local,
local_assortativity_positive_61,0.16963576,0.006307614,TRUE,local,
local_assortativity_positive_62,0.137614339,0.027090859,TRUE,local,
local_assortativity_positive_63,0.062027266,0.320990978,FALSE,local,
local_assortativity_positive_64,0.060490691,0.333147808,FALSE,local,
local_assortativity_positive_65,0.159693789,0.010195862,TRUE,local,
local_assortativity_positive_66,0.09730142,0.118995298,FALSE,local,
local_assortativity_positive_67,0.000427292,0.994550487,FALSE,local,
local_assortativity_positive_68,0.098522155,0.114414329,FALSE,local,
local_assortativity_positive_69,0.148858102,0.016722586,TRUE,local,
local_assortativity_positive_70,0.031657716,0.612747178,FALSE,local,
local_assortativity_positive_71,0.037645399,0.547206162,FALSE,local,
local_assortativity_positive_72,0.102112389,0.101738368,FALSE,local,
local_assortativity_positive_73,0.049528528,0.428261983,FALSE,local,
local_assortativity_positive_74,0.077260256,0.216158745,FALSE,local,
local_assortativity_positive_75,0.172122651,0.005571436,TRUE,local,
local_assortativity_positive_76,0.174462103,0.004950257,TRUE,local,
local_assortativity_positive_77,0.131650414,0.034553012,TRUE,local,
local_assortativity_positive_78,0.161363129,0.009422647,TRUE,local,
local_assortativity_positive_79,0.149187219,0.016480313,TRUE,local,
local_assortativity_positive_80,0.072236164,0.247615096,FALSE,local,
local_assortativity_positive_81,0.095762748,0.124971494,FALSE,local,
local_assortativity_positive_82,-0.033939171,0.587368697,FALSE,local,
local_assortativity_positive_83,0.08002735,0.200108086,FALSE,local,
local_assortativity_positive_84,0.05177225,0.407612184,FALSE,local,
local_assortativity_positive_85,0.055312173,0.376259912,FALSE,local,
local_assortativity_positive_86,-0.101952373,0.102278611,FALSE,local,
local_assortativity_positive_87,-0.066111524,0.290096604,FALSE,local,
local_assortativity_positive_88,-0.001751444,0.977665517,FALSE,local,
local_assortativity_positive_89,0.048117031,0.441556833,FALSE,local,
local_assortativity_positive_90,0.005354256,0.93179625,FALSE,local,
local_assortativity_positive_91,-0.025752487,0.680554999,FALSE,local,
local_assortativity_positive_92,0.051489252,0.410183725,FALSE,local,
local_assortativity_positive_93,0.026205983,0.675246516,FALSE,local,
local_assortativity_positive_94,0.023812028,0.703444755,FALSE,local,
local_assortativity_positive_95,0.04543309,0.467473968,FALSE,local,
local_assortativity_positive_96,-0.012963763,0.835833001,FALSE,local,
local_assortativity_positive_97,0.052163556,0.404072254,FALSE,local,
local_assortativity_positive_98,0.011890466,0.849255464,FALSE,local,
local_assortativity_positive_99,0.041081906,0.511215438,FALSE,local,
local_assortativity_negative_1,,,FALSE,local,
local_assortativity_negative_2,,,FALSE,local,
local_assortativity_negative_3,,,FALSE,local,
local_assortativity_negative_4,,,FALSE,local,
local_assortativity_negative_5,,,FALSE,local,
local_assortativity_negative_6,,,FALSE,local,
local_assortativity_negative_7,,,FALSE,local,
local_assortativity_negative_8,,,FALSE,local,
local_assortativity_negative_9,,,FALSE,local,
local_assortativity_negative_10,,,FALSE,local,
local_assortativity_negative_11,,,FALSE,local,
local_assortativity_negative_12,,,FALSE,local,
local_assortativity_negative_13,,,FALSE,local,
local_assortativity_negative_14,,,FALSE,local,
local_assortativity_negative_15,,,FALSE,local,
local_assortativity_negative_16,,,FALSE,local,
local_assortativity_negative_17,,,FALSE,local,
local_assortativity_negative_18,,,FALSE,local,
local_assortativity_negative_19,,,FALSE,local,
local_assortativity_negative_20,,,FALSE,local,
local_assortativity_negative_21,,,FALSE,local,
local_assortativity_negative_22,,,FALSE,local,
local_assortativity_negative_23,,,FALSE,local,
local_assortativity_negative_24,,,FALSE,local,
local_assortativity_negative_25,,,FALSE,local,
local_assortativity_negative_26,,,FALSE,local,
local_assortativity_negative_27,,,FALSE,local,
local_assortativity_negative_28,,,FALSE,local,
local_assortativity_negative_29,,,FALSE,local,
local_assortativity_negative_30,,,FALSE,local,
local_assortativity_negative_31,,,FALSE,local,
local_assortativity_negative_32,,,FALSE,local,
local_assortativity_negative_33,,,FALSE,local,
local_assortativity_negative_34,,,FALSE,local,
local_assortativity_negative_35,,,FALSE,local,
local_assortativity_negative_36,,,FALSE,local,
local_assortativity_negative_37,,,FALSE,local,
local_assortativity_negative_38,,,FALSE,local,
local_assortativity_negative_39,,,FALSE,local,
local_assortativity_negative_40,,,FALSE,local,
local_assortativity_negative_41,,,FALSE,local,
local_assortativity_negative_42,,,FALSE,local,
local_assortativity_negative_43,,,FALSE,local,
local_assortativity_negative_44,,,FALSE,local,
local_assortativity_negative_45,,,FALSE,local,
local_assortativity_negative_46,,,FALSE,local,
local_assortativity_negative_47,,,FALSE,local,
local_assortativity_negative_48,,,FALSE,local,
local_assortativity_negative_49,,,FALSE,local,
local_assortativity_negative_50,,,FALSE,local,
local_assortativity_negative_51,,,FALSE,local,
local_assortativity_negative_52,,,FALSE,local,
local_assortativity_negative_53,,,FALSE,local,
local_assortativity_negative_54,,,FALSE,local,
local_assortativity_negative_55,,,FALSE,local,
local_assortativity_negative_56,,,FALSE,local,
local_assortativity_negative_57,,,FALSE,local,
local_assortativity_negative_58,,,FALSE,local,
local_assortativity_negative_59,,,FALSE,local,
local_assortativity_negative_60,,,FALSE,local,
local_assortativity_negative_61,,,FALSE,local,
local_assortativity_negative_62,,,FALSE,local,
local_assortativity_negative_63,,,FALSE,local,
local_assortativity_negative_64,,,FALSE,local,
local_assortativity_negative_65,,,FALSE,local,
local_assortativity_negative_66,,,FALSE,local,
local_assortativity_negative_67,,,FALSE,local,
local_assortativity_negative_68,,,FALSE,local,
local_assortativity_negative_69,,,FALSE,local,
local_assortativity_negative_70,,,FALSE,local,
local_assortativity_negative_71,,,FALSE,local,
local_assortativity_negative_72,,,FALSE,local,
local_assortativity_negative_73,,,FALSE,local,
local_assortativity_negative_74,,,FALSE,local,
local_assortativity_negative_75,,,FALSE,local,
local_assortativity_negative_76,,,FALSE,local,
local_assortativity_negative_77,,,FALSE,local,
local_assortativity_negative_78,,,FALSE,local,
local_assortativity_negative_79,,,FALSE,local,
local_assortativity_negative_80,,,FALSE,local,
local_assortativity_negative_81,,,FALSE,local,
local_assortativity_negative_82,,,FALSE,local,
local_assortativity_negative_83,,,FALSE,local,
local_assortativity_negative_84,,,FALSE,local,
local_assortativity_negative_85,,,FALSE,local,
local_assortativity_negative_86,,,FALSE,local,
local_assortativity_negative_87,,,FALSE,local,
local_assortativity_negative_88,,,FALSE,local,
local_assortativity_negative_89,,,FALSE,local,
local_assortativity_negative_90,,,FALSE,local,
local_assortativity_negative_91,,,FALSE,local,
local_assortativity_negative_92,,,FALSE,local,
local_assortativity_negative_93,,,FALSE,local,
local_assortativity_negative_94,,,FALSE,local,
local_assortativity_negative_95,,,FALSE,local,
local_assortativity_negative_96,,,FALSE,local,
local_assortativity_negative_97,,,FALSE,local,
local_assortativity_negative_98,,,FALSE,local,
local_assortativity_negative_99,,,FALSE,local,
clustering_coefficient_1,0.145722063,0.019191453,TRUE,local,
clustering_coefficient_2,0.072382904,0.2466534,FALSE,local,
clustering_coefficient_3,0.041379578,0.508156776,FALSE,local,
clustering_coefficient_4,0.129283012,0.037965593,TRUE,local,
clustering_coefficient_5,0.028458788,0.649117629,FALSE,local,
clustering_coefficient_6,0.122191287,0.049936825,TRUE,local,
clustering_coefficient_7,0.034054466,0.586099106,FALSE,local,
clustering_coefficient_8,0.027714608,0.657703511,FALSE,local,
clustering_coefficient_9,0.080767337,0.195966228,FALSE,local,
clustering_coefficient_10,0.130781155,0.035774485,TRUE,local,
clustering_coefficient_11,0.069773032,0.264148175,FALSE,local,
clustering_coefficient_12,0.100131402,0.108587638,FALSE,local,
clustering_coefficient_13,0.170812474,0.005949071,TRUE,local,
clustering_coefficient_14,0.123138108,0.048176041,TRUE,local,
clustering_coefficient_15,0.159413586,0.010331012,TRUE,local,
clustering_coefficient_16,0.115424485,0.064143515,FALSE,local,
clustering_coefficient_17,0.06209854,0.320434168,FALSE,local,
clustering_coefficient_18,0.067474807,0.280242749,FALSE,local,
clustering_coefficient_19,0.047816564,0.444416953,FALSE,local,
clustering_coefficient_20,0.14293191,0.021648345,TRUE,local,
clustering_coefficient_21,0.070645086,0.25821032,FALSE,local,
clustering_coefficient_22,0.054900603,0.379827163,FALSE,local,
clustering_coefficient_23,-0.016679774,0.78975063,FALSE,local,
clustering_coefficient_24,0.078889767,0.206598704,FALSE,local,
clustering_coefficient_25,0.08442046,0.17643185,FALSE,local,
clustering_coefficient_26,0.060800941,0.33066972,FALSE,local,
clustering_coefficient_27,0.148055226,0.017326691,TRUE,local,
clustering_coefficient_28,0.11257354,0.071049521,FALSE,local,
clustering_coefficient_29,0.124987728,0.044885751,TRUE,local,
clustering_coefficient_30,0.11526377,0.064517596,FALSE,local,
clustering_coefficient_31,0.105359532,0.091255734,FALSE,local,
clustering_coefficient_32,0.050482337,0.419410735,FALSE,local,
clustering_coefficient_33,0.036796404,0.556285908,FALSE,local,
clustering_coefficient_34,0.164426497,0.008137968,TRUE,local,
clustering_coefficient_35,0.056126929,0.369258964,FALSE,local,
clustering_coefficient_36,0.108184622,0.082854549,FALSE,local,
clustering_coefficient_37,0.040692696,0.515229046,FALSE,local,
clustering_coefficient_38,0.013074866,0.834446207,FALSE,local,
clustering_coefficient_39,0.030186125,0.629368,FALSE,local,
clustering_coefficient_40,0.008734862,0.888957048,FALSE,local,
clustering_coefficient_41,-0.019831885,0.751219605,FALSE,local,
clustering_coefficient_42,0.093201789,0.135430723,FALSE,local,
clustering_coefficient_43,0.062705763,0.315715838,FALSE,local,
clustering_coefficient_44,0.070971407,0.25601222,FALSE,local,
clustering_coefficient_45,0.133414087,0.032183264,TRUE,local,
clustering_coefficient_46,-0.021608834,0.729760438,FALSE,local,
clustering_coefficient_47,-0.04808419,0.44186894,FALSE,local,
clustering_coefficient_48,0.113915161,0.067727658,FALSE,local,
clustering_coefficient_49,0.033524107,0.591949669,FALSE,local,
clustering_coefficient_50,-0.028168104,0.652465929,FALSE,local,
clustering_coefficient_51,0.118134979,0.058098307,FALSE,local,
clustering_coefficient_52,-0.020926145,0.737981056,FALSE,local,
clustering_coefficient_53,-0.04631842,0.458833486,FALSE,local,
clustering_coefficient_54,0.112769193,0.07055697,FALSE,local,
clustering_coefficient_55,0.05127613,0.41212663,FALSE,local,
clustering_coefficient_56,-0.052874895,0.397684208,FALSE,local,
clustering_coefficient_57,-0.022725454,0.716381326,FALSE,local,
clustering_coefficient_58,0.039141446,0.531385935,FALSE,local,
clustering_coefficient_59,0.115222543,0.064613844,FALSE,local,
clustering_coefficient_60,0.152449035,0.014240149,TRUE,local,
clustering_coefficient_61,0.036726528,0.557036453,FALSE,local,
clustering_coefficient_62,0.157662491,0.011212087,TRUE,local,
clustering_coefficient_63,0.046958486,0.452642533,FALSE,local,
clustering_coefficient_64,0.125744486,0.043594954,TRUE,local,
clustering_coefficient_65,0.118238396,0.057877313,FALSE,local,
clustering_coefficient_66,0.149785358,0.016047843,TRUE,local,
clustering_coefficient_67,0.02354021,0.706673155,FALSE,local,
clustering_coefficient_68,0.010300785,0.869214703,FALSE,local,
clustering_coefficient_69,0.112913837,0.070194626,FALSE,local,
clustering_coefficient_70,0.06870253,0.271564365,FALSE,local,
clustering_coefficient_71,0.090140517,0.148800516,FALSE,local,
clustering_coefficient_72,-0.001613789,0.979420507,FALSE,local,
clustering_coefficient_73,-0.02886407,0.644461077,FALSE,local,
clustering_coefficient_74,0.044122215,0.48043065,FALSE,local,
clustering_coefficient_75,0.037656579,0.547087082,FALSE,local,
clustering_coefficient_76,-0.011483089,0.854361675,FALSE,local,
clustering_coefficient_77,0.030603286,0.624636922,FALSE,local,
clustering_coefficient_78,-0.03355066,0.591656123,FALSE,local,
clustering_coefficient_79,0.134634124,0.030626218,TRUE,local,
clustering_coefficient_80,0.078201487,0.21059881,FALSE,local,
clustering_coefficient_81,0.110196355,0.077260845,FALSE,local,
clustering_coefficient_82,-0.012248931,0.844767536,FALSE,local,
clustering_coefficient_83,0.117580163,0.059295839,FALSE,local,
clustering_coefficient_84,0.106882132,0.086647037,FALSE,local,
clustering_coefficient_85,0.114127585,0.067213533,FALSE,local,
clustering_coefficient_86,4.51E-05,0.99942519,FALSE,local,
clustering_coefficient_87,0.027590228,0.659142951,FALSE,local,
clustering_coefficient_88,0.11026693,0.077070305,FALSE,local,
clustering_coefficient_89,0.167179615,0.00711893,TRUE,local,
clustering_coefficient_90,0.016430317,0.792823287,FALSE,local,
clustering_coefficient_91,-0.077192476,0.216563144,FALSE,local,
clustering_coefficient_92,0.075497981,0.22684955,FALSE,local,
clustering_coefficient_93,0.064843273,0.299469338,FALSE,local,
clustering_coefficient_94,0.086894773,0.164045729,FALSE,local,
clustering_coefficient_95,0.098166486,0.115734547,FALSE,local,
clustering_coefficient_96,0.018757889,0.764284197,FALSE,local,
clustering_coefficient_97,0.013532555,0.828738756,FALSE,local,
clustering_coefficient_98,0.036848113,0.55573082,FALSE,local,
clustering_coefficient_99,0.087014261,0.163464508,FALSE,local,
local_efficiency_1,0.035603619,0.569164501,FALSE,local,
local_efficiency_2,0.105767608,0.090001741,FALSE,local,
local_efficiency_3,0.081373163,0.192622078,FALSE,local,
local_efficiency_4,0.013846997,0.824822789,FALSE,local,
local_efficiency_5,0.11036266,0.076812458,FALSE,local,
local_efficiency_6,0.071011935,0.255740128,FALSE,local,
local_efficiency_7,0.067439869,0.280492425,FALSE,local,
local_efficiency_8,0.123214273,0.048036681,TRUE,local,
local_efficiency_9,0.103399507,0.097474568,FALSE,local,
local_efficiency_10,0.064265398,0.303805874,FALSE,local,
local_efficiency_11,0.076986342,0.217796341,FALSE,local,
local_efficiency_12,0.040140675,0.520949367,FALSE,local,
local_efficiency_13,-0.025310171,0.685747814,FALSE,local,
local_efficiency_14,-0.025182997,0.687243599,FALSE,local,
local_efficiency_15,-0.041436177,0.507576281,FALSE,local,
local_efficiency_16,0.017783817,0.776191354,FALSE,local,
local_efficiency_17,0.080426342,0.197867021,FALSE,local,
local_efficiency_18,0.051321549,0.411712114,FALSE,local,
local_efficiency_19,0.109736571,0.078511547,FALSE,local,
local_efficiency_20,0.028483944,0.648828202,FALSE,local,
local_efficiency_21,0.006946732,0.911584176,FALSE,local,
local_efficiency_22,0.073883144,0.236970324,FALSE,local,
local_efficiency_23,0.123806822,0.046963942,TRUE,local,
local_efficiency_24,0.067796237,0.277952769,FALSE,local,
local_efficiency_25,0.012252425,0.844723819,FALSE,local,
local_efficiency_26,0.061890309,0.322062689,FALSE,local,
local_efficiency_27,-0.015408728,0.805439459,FALSE,local,
local_efficiency_28,0.064279373,0.303700513,FALSE,local,
local_efficiency_29,0.057006669,0.361790689,FALSE,local,
local_efficiency_30,-0.022847039,0.714929652,FALSE,local,
local_efficiency_31,-0.055350605,0.37592786,FALSE,local,
local_efficiency_32,-0.060815615,0.330552807,FALSE,local,
local_efficiency_33,0.000938785,0.988027467,FALSE,local,
local_efficiency_34,0.011571133,0.853257581,FALSE,local,
local_efficiency_35,0.069368449,0.266934541,FALSE,local,
local_efficiency_36,0.129537361,0.037585791,TRUE,local,
local_efficiency_37,0.111264062,0.074418683,FALSE,local,
local_efficiency_38,0.041002946,0.512028374,FALSE,local,
local_efficiency_39,0.03005406,0.630868948,FALSE,local,
local_efficiency_40,0.068587235,0.27237148,FALSE,local,
local_efficiency_41,0.131702821,0.034480516,TRUE,local,
local_efficiency_42,-0.093748919,0.133141531,FALSE,local,
local_efficiency_43,-0.003136389,0.960016115,FALSE,local,
local_efficiency_44,0.066904618,0.284336246,FALSE,local,
local_efficiency_45,-0.044581999,0.475864119,FALSE,local,
local_efficiency_46,0.10972539,0.078542162,FALSE,local,
local_efficiency_47,0.204507428,0.000953456,TRUE,local,
local_efficiency_48,0.081331936,0.192848319,FALSE,local,
local_efficiency_49,0.094212198,0.131226554,FALSE,local,
local_efficiency_50,0.169493912,0.006352116,TRUE,local,
local_efficiency_51,-0.046852973,0.453659853,FALSE,local,
local_efficiency_52,0.119535296,0.055164435,FALSE,local,
local_efficiency_53,0.13677373,0.028050707,TRUE,local,
local_efficiency_54,0.031620682,0.613163089,FALSE,local,
local_efficiency_55,0.148708567,0.016833686,TRUE,local,
local_efficiency_56,0.191212801,0.002035982,TRUE,local,
local_efficiency_57,0.197142487,0.00146014,TRUE,local,
local_efficiency_58,0.167283731,0.007082733,TRUE,local,
local_efficiency_59,0.021793307,0.727544347,FALSE,local,
local_efficiency_60,0.004670868,0.940484163,FALSE,local,
local_efficiency_61,0.045121443,0.470536727,FALSE,local,
local_efficiency_62,-0.046209414,0.459892522,FALSE,local,
local_efficiency_63,0.066783034,0.285214302,FALSE,local,
local_efficiency_64,0.030246219,0.628685532,FALSE,local,
local_efficiency_65,0.003887557,0.950451001,FALSE,local,
local_efficiency_66,-0.042227874,0.499492941,FALSE,local,
local_efficiency_67,0.121813257,0.050654667,FALSE,local,
local_efficiency_68,0.128805758,0.038687004,TRUE,local,
local_efficiency_69,0.086228853,0.167313312,FALSE,local,
local_efficiency_70,0.106912179,0.086558005,FALSE,local,
local_efficiency_71,0.019657195,0.753339909,FALSE,local,
local_efficiency_72,0.093971824,0.13221748,FALSE,local,
local_efficiency_73,0.110269026,0.077064651,FALSE,local,
local_efficiency_74,0.069769538,0.264172151,FALSE,local,
local_efficiency_75,0.049184738,0.431478625,FALSE,local,
local_efficiency_76,0.058106518,0.352587287,FALSE,local,
local_efficiency_77,0.157630348,0.011228862,TRUE,local,
local_efficiency_78,0.077887743,0.212440576,FALSE,local,
local_efficiency_79,-0.089721261,0.150706987,FALSE,local,
local_efficiency_80,-0.101397557,0.104169362,FALSE,local,
local_efficiency_81,0.079749243,0.20168102,FALSE,local,
local_efficiency_82,0.10397878,0.095602545,FALSE,local,
local_efficiency_83,0.018886461,0.762716585,FALSE,local,
local_efficiency_84,0.02475256,0.692315263,FALSE,local,
local_efficiency_85,0.035623185,0.568952116,FALSE,local,
local_efficiency_86,0.186220154,0.002673984,TRUE,local,
local_efficiency_87,0.125186875,0.044542999,TRUE,local,
local_efficiency_88,0.078257388,0.210271865,FALSE,local,
local_efficiency_89,0.104550367,0.093783524,FALSE,local,
local_efficiency_90,0.084542044,0.175807463,FALSE,local,
local_efficiency_91,0.146285264,0.018726036,TRUE,local,
local_efficiency_92,-0.054787404,0.380811922,FALSE,local,
local_efficiency_93,-0.004824595,0.938529176,FALSE,local,
local_efficiency_94,-0.057916455,0.354167094,FALSE,local,
local_efficiency_95,-0.055811089,0.371963269,FALSE,local,
local_efficiency_96,0.115783648,0.063313959,FALSE,local,
local_efficiency_97,0.14940663,0.016320505,TRUE,local,
local_efficiency_98,0.119988093,0.054242442,FALSE,local,
local_efficiency_99,0.048547468,0.43747786,FALSE,local,
